voltage_v,voltage_kv,momentum_kg_m_s,wavelength_m,wavelength_pm,d1_maximum_bragg_order,d1_maximum_screen_order,d1_n1_bragg_ratio_q,d1_n1_phi_rad,d1_n1_phi_deg,d1_n1_photo_radius_m,d1_n1_photo_radius_mm,d1_n1_caliper_diameter_m,d1_n1_caliper_diameter_mm,d2_maximum_bragg_order,d2_maximum_screen_order,d2_n1_bragg_ratio_q,d2_n1_phi_rad,d2_n1_phi_deg,d2_n1_photo_radius_m,d2_n1_photo_radius_mm,d2_n1_caliper_diameter_m,d2_n1_caliper_diameter_mm
1000,1,1.7084988578603567e-23,3.8782994319927008e-11,38.782994319927006,6,4,0.15765444845498783,0.31662988900418226,18.141556307635355,0.038465414871705905,38.465414871705903,0.040477547706066382,40.477547706066382,10,7,0.091039892769781708,0.18233224912589685,10.446868344041784,0.023181331825503734,23.181331825503733,0.02357207489427951,23.57207489427951
1010,1.01,1.7170201020323685e-23,3.8590521696030141e-11,38.590521696030137,6,4,0.15687203941475664,0.31504535406527101,18.05076914314472,0.038299173261904317,38.299173261904315,0.040281747140696343,40.281747140696346,11,7,0.090588079098662302,0.18142487237952748,10.394879486046506,0.023071091310603201,23.071091310603201,0.023456061579173577,23.456061579173578
1020,1.02,1.7254992652146643e-23,3.8400886535154041e-11,38.400886535154044,6,4,0.15610116477704894,0.3134843735955879,17.961331550329529,0.038135026758705275,38.135026758705273,0.040088758299063401,40.0887582990634,11,7,0.090142926138859242,0.18053090895156854,10.34365915458541,0.022962406122771228,22.962406122771228,0.023341744347182097,23.341744347182097
1030,1.03,1.7339369647508665e-23,3.8214019798303559e-11,38.214019798303561,6,4,0.15534154389554292,0.31194636971745288,17.87321041923764,0.037972932853036143,37.972932853036141,0.03989851458572246,39.898514585722459,11,7,0.089704271827003648,0.17965003159265824,10.29318859965122,0.022855240095696887,22.855240095696885,0.023229082273674241,23.229082273674241
1040,1.04,1.742333803036189e-23,3.8029854775551142e-11,38.029854775551144,6,4,0.1545929055916713,0.3104307842098627,17.786373766161532,0.037812850190380269,37.812850190380267,0.039710951590641565,39.710951590641564,11,7,0.089271959567021456,0.17878192412313584,10.243449705483805,0.022749558227352418,22.749558227352416,0.023118035803136965,23.118035803136966
1050,1.05,1.7506903680193281e-23,3.7848326985979315e-11,37.848326985979313,6,4,0.15385498774788336,0.30893707765705353,17.700790684854532,0.037654738532926245,37.654738532926245,0.039526006997942287,39.526006997942289,11,7,0.088845837995256596,0.17792628095621088,10.194424963249796,0.022645326632340822,22.645326632340822,0.023008566690847745,23.008566690847744
1060,1.0600000000000001,1.7590072336828955e-23,3.7669374082827183e-11,37.669374082827183,6,4,0.15312753692206171,0.30746472864171237,17.616431300305241,0.037498558723087903,37.498558723087903,0.039343620499250088,39.343620499250086,11,7,0.088425760757810279,0.17708280664599849,10.146097445146918,0.022542512496600445,22.542512496600445,0.022900637947555626,22.900637947555627
1070,1.0700000000000001,1.767284960503499e-23,3.7492935763524146e-11,37.492935763524144,6,4,0.15241030798180547,0.30601323298009597,17.533266724913069,0.0373442726483472,37.3442726483472,0.039163733711382445,39.163733711382449,11,8,0.088011586299352448,0.17625121545890271,10.098450779846056,0.022441084034330386,22.441084034330387,0.022794213786988891,22.794213786988891
1080,1.0800000000000001,1.7755240958925214e-23,3.7318953684315971e-11,37.318953684315971,6,4,0.15170306375738199,0.30458210299650912,17.451269016918918,0.037191843207373038,37.19184320737304,0.038986290098120484,38.986290098120485,11,8,0.087603177662713541,0.17543123096693602,10.051469129190187,0.022341010447009479,22.341010447009481,0.022689259576020332,22.689259576020333
1090,1.0900000000000001,1.7837251746185724e-23,3.7147371379208702e-11,37.1473713792087,6,4,0.15100557471223047,0.30317086683476996,17.370411140955021,0.037041234277370064,37.041234277370066,0.038811234895827267,38.811234895827269,11,8,0.087200402298611979,0.17462258566165972,10.005137166074785,0.022242261884389842,22.242261884389841,0.022585741787332476,22.585741787332477
1100,1.1000000000000001,1.7918887192125403e-23,3.6978134182974704e-11,36.978134182974706,6,4,0.15031761862997844,0.30177906780445474,17.290666930587559,0.036892410682612731,36.892410682612734,0.038638515042691175,38.638515042691175,11,8,0.086803131884917145,0.17382502058752139,9.9594400534396215,0.022144809407353864,22.144809407353865,0.02248362795443596,22.48362795443596
1110,1.1100000000000001,1.8000152403561086e-23,3.6811189157982471e-11,36.811189157982469,6,4,0.1496389803170019,0.30040626375986479,17.212011052734066,0.036745338164120879,36.745338164120881,0.038468079111387991,38.468079111387993,11,8,0.086411242154888421,0.17303828499344828,9.9143634243065151,0.022048624952530561,22.04862495253056,0.02238288662890409,22.382886628904089
1120,1.1200000000000001,1.808105237254558e-23,3.6646485024627659e-11,36.646485024627658,6,4,0.14896945131962461,0.29905202650979679,17.134418973845765,0.036599983350434503,36.599983350434506,0.038299877244967945,38.299877244967945,11,8,0.086024612733867745,0.17226213600163112,9.869893362802058,0.021953681298573776,21.953681298573777,0.022283487339695606,22.283487339695608
1130,1.1299999999999999,1.8161591979946203e-23,3.6483972095157854e-11,36.483972095157853,6,4,0.14830882965511322,0.29771594125632744,17.057866927752308,0.036456313729446528,36.456313729446528,0.038133861095787279,38.133861095787282,11,8,0.085643126983938625,0.17149633829250557,9.8260163861083765,0.021859952034011015,21.859952034011016,0.022185400554446295,22.185400554446296
1140,1.1399999999999999,1.8241775998881149e-23,3.6323602210697063e-11,36.323602210697061,6,4,0.14765691955567911,0.29639760606094123,16.982331885073123,0.036314297621253724,36.314297621253722,0.037969983767314877,37.969983767314879,11,8,0.08526667185609639,0.17074066380500338,9.7827194272887894,0.021767411526577372,21.767411526577373,0.02208859764261777,22.088597642617771
1150,1.1499999999999999,1.8321609098020473e-23,3.6165328681288707e-11,36.165328681288706,6,4,0.14701353122475083,0.29509663133644098,16.907791524106063,0.036173904151987103,36.173904151987102,0.037808199758655632,37.808199758655633,11,8,0.084895137749503996,0.16999489145120586,9.7399898189386533,0.021676034893954275,21.676034893954274,0.02199305084039907,21.993050840399071
1160,1.1599999999999999,1.8401095844758177e-23,3.6009106228787638e-11,36.009106228787637,6,4,0.14637848060482778,0.29381263936318269,16.834224203109688,0.036035103228584754,36.035103228584752,0.037648464911641998,37.648464911641994,11,8,0.084528418377435757,0.1692588068445893,9.6978152776149784,0.021585797975837786,21.585797975837785,0.021898733217263416,21.898733217263416
1170,1.1699999999999999,1.8480240708261534e-23,3.5854890932442431e-11,35.85489093244243,6,4,0.14575158915627004,0.2925452638282689,16.761608933900991,0.035897865514470655,35.897865514470652,0.037490736360354472,37.490736360354475,11,8,0.084166410639536213,0.168532202041103,9.6561838890012801,0.021496677307265739,21.496677307265738,0.021805618644088545,21.805618644088547
1180,1.1799999999999999,1.8559048062403336e-23,3.5702640177019645e-11,35.702640177019646,6,4,0.14513268364642132,0.2912941493864255,16.6899253566955,0.035762162406105129,35.762162406105126,0.037334972482940515,37.334972482940515,11,8,0.083809014500046117,0.16781487529237116,9.6150840937671038,0.021408650093137454,21.408650093137453,0.021713681762755153,21.713681762755154
1190,1.1899999999999999,1.8637522188582555e-23,3.5552312603330746e-11,35.552312603330748,6,4,0.14452159594849895,0.29005895124136616,16.619153716121211,0.035627966010373352,35.627966010373349,0.037181132855609367,37.18113285560937,11,8,0.083456132871668406,0.16710663081035199,9.5745046740839772,0.021321694183863468,21.321694183863467,0.021622897957142992,21.622897957142992
1200,1.2,1.8715667278438599e-23,3.5403868061031252e-11,35.403868061031254,6,4,0.14391816284972053,0.28883933474652196,16.5492748383421,0.0354952491227793,35.495249122779299,0.037029178208687487,37.02917820868749,12,8,0.083107671504768194,0.16640727854283152,9.5344347407621495,0.021235788052086764,21.235788052086765,0.021533243325449355,21.533243325449355
1210,1.21,1.8793487436463926e-23,3.5257267563570005e-11,35.257267563570004,6,4,0.14332222586817073,0.2876349750240898,16.480270109231189,0.035363985206414643,35.36398520641464,0.036879070384626719,36.879070384626722,12,8,0.082763538881619719,0.16571663395916753,9.4948637209746334,0.02115091077042025,21.15091077042025,0.021444694653759339,21.444694653759338
1220,1.22,1.8870986682519745e-23,3.5112473245173505e-11,35.112473245173504,7,4,0.14273363107794107,0.28644555660141202,16.412121453536646,0.035234148371672193,35.234148371672191,0.036730772297863541,36.730772297863538,12,8,0.082423646115430751,0.16503451784573447,9.4557813465370515,0.021067041990148583,21.067041990148581,0.021357229390801445,21.357229390801447
1230,1.23,1.894816895425908e-23,3.4969448319757692e-11,34.969448319757689,7,4,0.14215222894210441,0.28527077306376303,16.344811314987911,0.035105713356675276,35.105713356675274,0.036584247896433435,36.584247896433432,12,8,0.082087906853891293,0.16436075611055506,9.4171776427138614,0.020984161920845398,20.984161920845398,0.021270825623826282,21.270825623826283
1240,1.24,1.9025038109461381e-23,3.4828157041665928e-11,34.828157041665925,7,4,0.14157787415311351,0.28411032672267722,16.278322637292295,0.034978655508395601,34.978655508395597,0.036439462125251128,36.439462125251126,12,8,0.081756237187009209,0.16369517959663479,9.3790429175231989,0.020902251310859966,20.902251310859967,0.021185462055549747,21.185462055549749
1250,1.25,1.9101597928282545e-23,3.4688564668138005e-11,34.688564668138007,7,5,0.14101042548023576,0.2829639282989998,16.212638845975128,0.034852950764432643,34.852950764432642,0.0362963808909713,36.296380890971299,12,8,0.081428555559009394,0.16303762390354487,9.3413677515143476,0.020821291428629762,20.821291428629763,0.021101117982105663,21.101117982105663
1260,1.26,1.917785211542414e-23,3.4550637423420642e-11,34.550637423420639,7,5,0.14044974562366114,0.28183129661989686,16.147743831019714,0.034728575635429401,34.728575635429401,0.036154971028350552,36.154971028350552,12,8,0.08110478268408601,0.1623879292168259,9.3041429879932753,0.020741264044778052,20.741264044778053,0.021017773271956006,21.017773271956006
1270,1.27,1.9253804302225267e-23,3.4414342464435399e-11,34.4143424644354,7,5,0.13989570107494062,0.28071215832910179,16.083621930265672,0.034605507188099668,34.605507188099665,0.036015200268035182,36.01520026803518,12,8,0.080784841465810789,0.161745940144811,9.2673597236733016,0.020662151414957919,20.662151414957918,0.02093540834570997,20.93540834570997
1280,1.28,1.9329458048680476e-23,3.4279647847924674e-11,34.279647847924672,7,5,0.13934816198343361,0.2796062476097218,16.020257913526923,0.034483723028843533,34.483723028843535,0.035877037205704142,35.877037205704141,12,8,0.08046865692001097,0.16111150556248946,9.2310092997291324,0.020583936263406183,20.583936263406184,0.02085400415680598,20.854004156805981
1290,1.29,1.940481684538683e-23,3.4146522499001256e-11,34.146522499001257,7,5,0.13880700202846039,0.27851330591896495,15.957636967392661,0.034363201287928295,34.363201287928298,0.035740451272500209,35.740451272500209,12,8,0.080156156100941914,0.16048447846205502,9.1950832932339139,0.020506601767172922,20.506601767172921,0.020773542173013356,20.773542173013357
1300,1.3,1.9479884115423241e-23,3.4014936181030946e-11,34.014936181030947,7,5,0.13827209829687376,0.27743308173418624,15.895744680676881,0.034243920604213135,34.243920604213137,0.035605412706686337,35.605412706686337,12,8,0.079847268030589072,0.15986471580980299,9.1595735089600385,0.02043013154099399,20.43013154099399,0.020694004358712822,20.694004358712821
1310,1.3100000000000001,1.9554663216164806e-23,3.3884859466782217e-11,33.884859466782217,7,5,0.13774333116578136,0.27636533030968835,15.83456703048407,0.03412586011039679,34.125860110396793,0.035471892526467874,35.471892526467876,12,8,0.079541923630944172,0.15925207840906011,9.1244719715256064,0.020354509622775879,20.354509622775879,0.020615373157917456,20.615373157917457
1320,1.3200000000000001,1.9629157441034981e-23,3.3756263710780186e-11,33.756263710780189,7,5,0.13722058419016334,0.27530981344374017,15.774090368860364,0.034008999418768122,34.00899941876812,0.035339862503924117,35.339862503924117,12,8,0.07924005565910841,0.1586464307688486,9.0897709178694281,0.020279720459663867,20.279720459663867,0.02053763147799776,20.53763147799776
1330,1.3300000000000001,1.970337002119813e-23,3.3629121022806023e-11,33.629121022806025,7,5,0.13670374399514643,0.27426629925531154,15.714301410001385,0.033893318607440458,33.893318607440456,0.035209295139996433,35.209295139996435,12,8,0.078941598645084557,0.15804764097800322,9.055462790038467,0.020205748894665976,20.205748894665977,0.020460762674076559,20.460762674076559
1340,1.3400000000000001,1.9777304127194872e-23,3.3503404242486175e-11,33.503404242486177,7,5,0.13619270017270801,0.2732345619700482,15.655187217989511,0.033778798207051187,33.778798207051189,0.035080163640482498,35.080163640482496,12,8,0.078646488832127173,0.15745558058447598,9.0215402282725012,0.020132580153806794,20.132580153806796,0.020384750534061528,20.384750534061528
1350,1.3500000000000001,1.9850962870522664e-23,3.3379086914918698e-11,33.379086914918702,7,5,0.13568734518259631,0.27221438171503831,15.596735195034864,0.033665419187909121,33.665419187909123,0.034952441892989322,34.95244189298932,12,9,0.078354664119527462,0.15687012447957693,8.9879960643716181,0.020060199833786509,20.060199833786509,0.020309579264284595,20.309579264284597
1360,1.3600000000000001,1.9924349305163757e-23,3.3256143267287194e-11,33.256143267287193,7,5,0.13518757425726499,0.27120554432194738,15.538933070195773,0.033553162947572476,33.553162947572474,0.034826104444800186,34.826104444800187,12,9,0.078066064007716415,0.15629115078691547,8.9548233153330106,0.019988593890121933,19.988593890121933,0.020235233475719532,20.235233475719532
1370,1.3700000000000001,1.9997466429062701e-23,3.3134548186415279e-11,33.13454818641528,7,5,0.13469328531063121,0.2702078411381203,15.481768888555715,0.033442011298841376,33.442011298841379,0.03470112648161286,34.70112648161286,12,9,0.077780629545575769,0.15571854075581701,8.9220151772442158,0.019917748625747422,19.917748625747421,0.020161698170750312,20.161698170750313
1380,1.3799999999999999,2.0070317185555384e-23,3.3014277197217317e-11,33.014277197217318,7,5,0.1342043788504769,0.26922106884527375,15.425231000835161,0.033331946458149138,33.33194645814914,0.034577483807109025,34.577483807109026,12,9,0.077498303279852854,0.15515217865900427,8.8895650194206652,0.019847650680054774,19.847650680054773,0.020088958730464433,20.088958730464434
1390,1.3899999999999999,2.0142904464751601e-23,3.2895306442003277e-11,32.895306442003275,7,5,0.13372075789432225,0.26824502928541916,15.369308053417686,0.033222951034337381,33.222951034337378,0.034455152823316668,34.455152823316666,12,9,0.077219029206580456,0.15459195169434239,8.857466378776115,0.019778287018352322,19.778287018352323,0.020017000902446805,20.017000902446807
1400,1.3999999999999999,2.0215231104872884e-23,3.2777612660598199e-11,32.777612660598201,7,5,0.13324232788861054,0.26727952929368004,15.313988978771119,0.033115008017800852,33.115008017800854,0.034334110511729465,34.334110511729463,12,9,0.076942752724408911,0.15403774989045912,8.8257129544150672,0.019709644921724383,19.709644921724383,0.019945810789051031,19.945810789051031
1410,1.4099999999999999,2.0287299893547446e-23,3.2661173171238425e-11,32.661173171238424,7,5,0.13276899663105049,0.26632438053768148,15.259262986245231,0.03300810076998769,33.008100769987692,0.034214334415148873,34.214334415148869,13,9,0.076669420589761561,0.15348946601606012,8.794298602436923,0.019641711977273307,19.641711977273307,0.01987537483612618,19.875374836126181
1420,1.4199999999999999,2.0359113569063865e-23,3.2545965852209124e-11,32.545965852209122,7,5,0.13230067419597202,0.26537939936320903,15.205119553228645,0.032902213013242344,32.902213013242346,0.034095802620216331,34.095802620216332,13,9,0.076398980873730329,0.15294699549276988,8.7632173309421386,0.019574476068727129,19.57447606872713,0.019805679822178276,19.805679822178277
1430,1.4299999999999999,2.0430674821585082e-23,3.243196912418934e-11,32.431969124189344,7,5,0.13183727286255828,0.26444440664585162,15.151548416648597,0.032797328820978425,32.797328820978422,0.033978493740605228,33.978493740605231,13,9,0.076131382920632248,0.15241023631133777,8.7324632952311827,0.019507925367396803,19.507925367396801,0.019736712847946914,19.736712847946915
1440,1.4399999999999999,2.0501986294324283e-23,3.2319161933272502e-11,32.319161933272504,7,5,0.13137870704582316,0.26351922764835278,15.098539564797768,0.032693432608168933,32.693432608168933,0.033862386900842853,33.86238690084285,13,9,0.075866577308151412,0.15187908895105601,8.7020307931875234,0.019442048323467763,19.442048323467763,0.0196684613263782,19.6684613263782
1450,1.45,2.0573050584684101e-23,3.22075237346321e-11,32.207523734632098,7,5,0.13092489323021178,0.26260369188341565,15.046083229473588,0.032590509122142626,32.590509122142628,0.033747461720735054,33.747461720735053,13,9,0.075604515808995534,0.15135345630224545,8.6719142608363953,0.019376833657611264,19.376833657611265,0.019600912972976434,19.600912972976435
1460,1.46,2.064387024536051e-23,3.2097034476803776e-11,32.097034476803778,7,5,0.1304757499057064,0.26169763298171494,14.99416987841588,0.032488543433675049,32.488543433675048,0.033633698300367013,33.633698300367016,13,9,0.075345151353999468,0.15083324359167227,8.6421082680714925,0.019312270352901822,19.312270352901823,0.019534055796517756,19.534055796517755
1470,1.47,2.0714447785412748e-23,3.198767458655655e-11,31.987674586556551,7,5,0.13003119750632741,0.26080088856488559,14.942790208029638,0.032387520928363653,32.387520928363649,0.033521077205655371,33.521077205655374,13,9,0.075088437996611621,0.15031835831076543,8.6126075145421215,0.019248347647027611,19.248347647027611,0.01946787809010974,19.467878090109739
1480,1.48,2.0784785671300565e-23,3.1879424954327121e-11,31.879424954327121,7,5,0.12959115835092325,0.25991330012326574,14.891935136380226,0.032287427298276411,32.287427298276413,0.033409579454427567,33.409579454427565,13,9,0.074834330878702157,0.1498087101465107,8.5834068256937357,0.019185055024781288,19.185055024781288,0.019402368422581844,19.402368422581844
1490,1.49,2.0854886327889956e-23,3.177226692019284e-11,31.772266920192841,7,5,0.12915555658614974,0.25903471289818719,14.841595796449115,0.032188248533864268,32.188248533864268,0.033299186503006235,33.299186503006233,13,9,0.074582786197635767,0.14930421091490556,8.5545011489551683,0.019122382210819546,19.122382210819545,0.019337515630192374,19.337515630192375
1500,1.5,2.0924752139428597e-23,3.166618226035982e-11,31.666182260359822,7,5,0.12872431813154397,0.25816497576861364,14.791763529638727,0.032089970916127794,32.089970916127797,0.033189880233276785,33.189880233276781,13,9,0.074333761174553564,0.14880477449686205,8.5258855500661443,0.019060319162680021,19.06031916268002,0.01927330880863826,19.273308808638259
1510,1.51,2.0994385450492036e-23,3.1561153174144033e-11,31.561153174144032,7,5,0.12829737062660174,0.25730394114193827,14.742429879515607,0.031992581009028832,31.992581009028832,0.033081642940218016,33.081642940218018,13,9,0.074087214023812284,0.14831031677645287,8.4975552095390388,0.018998856064044837,18.998856064044837,0.01920973730535468,19.209737305354679
1520,1.52,2.1063788566901774e-23,3.1457162271424251e-11,31.457162271424252,7,5,0.12787464337977336,0.25645146484876186,14.693586585781642,0.03189606565213858,31.896065652138581,0.032974457319876145,32.974457319876144,13,9,0.073843103923531106,0.14782075558139976,8.4695054192491135,0.018937983318240575,18.937983318240576,0.019146790712092167,19.146790712092166
1530,1.53,2.1132963756616156e-23,3.1354192560546823e-11,31.354192560546824,7,5,0.12745606731929601,0.25560740604148086,14.645225578463593,0.031800411953513352,31.800411953513354,0.032868306457763771,32.868306457763772,13,9,0.073601390987199117,0.14733601062570859,8.4417315791477527,0.018877691541964951,18.87769154196495,0.019084458857759518,19.084458857759518
1540,1.54,2.1201913250595147e-23,3.125222743666307e-11,31.25222743666307,7,5,0.12704157494578483,0.25477162709652351,14.597338972311642,0.031705607282790281,31.705607282790282,0.032763173817666282,32.763173817666285,13,9,0.073362036236298278,0.1468560034543604,8.4142291940934886,0.0188179715592309,18.817971559230902,0.019022731801521281,19.022731801521282
1550,1.55,2.1270639243639866e-23,3.1151250670481192e-11,31.151250670481193,7,5,0.1266311002865089,0.2539439935200794,14.549919061398075,0.031611639264494805,31.611639264494805,0.032659043230838632,32.659043230838634,13,9,0.073125001573899506,0.1463806573899715,8.3869938707958518,0.018758814395519231,18.758814395519231,0.018961599826139135,18.961599826139135
1560,1.5600000000000001,2.1339143895207757e-23,3.1051246397415462e-11,31.051246397415461,7,5,0.12622457885128235,0.25312437385717756,14.502958313907865,0.031518495771552919,31.518495771552921,0.032555898885576869,32.555898885576866,13,9,0.072890249759191214,0.14590989748134092,8.360021314867355,0.018700211272131416,18.700211272131416,0.018901053431547216,18.901053431547215
1570,1.5700000000000001,2.1407429330204328e-23,3.0952199107116034e-11,30.952199107116034,7,5,0.12582194758990256,0.25231263960397077,14.456449367112912,0.031426164919000514,31.426164919000513,0.032453725317148796,32.453725317148795,13,9,0.072657744382901485,0.14544365045380614,8.3333073279790923,0.018642153600734537,18.642153600734538,0.01884108332865151,18.841083328651511
1580,1.5800000000000001,2.1475497639752209e-23,3.0854093633363897e-11,30.854093633363895,7,5,0.12542314485107273,0.25150866512309566,14.410385022522547,0.03133463505788326,31.334635057883261,0.032352507398069483,32.352507398069484,13,9,0.072427449843577213,0.14498184466133285,8.3068478051156784,0.018584632978090584,18.584632978090585,0.018781680433344352,18.781680433344352
1590,1.5900000000000001,2.1543350881938327e-23,3.075691514431589e-11,30.75691514431589,7,5,0.12502811034274749,0.25071232756198125,14.364758241202949,0.031243894769340322,31.243894769340322,0.032252230328707762,32.252230328707761,13,9,0.072199331324685187,0.14452441004026775,8.2806387319254817,0.018527641180962971,18.52764118096297,0.018722835860725089,18.722835860725088
1600,1.6000000000000001,2.161099108253999e-23,3.066064913308558e-11,30.660649133085581,8,5,0.12463678509384381,0.24992350677398428,14.31956213925854,0.031153932858865439,31.153932858865439,0.032152879628210271,32.152879628210272,13,9,0.071973354772501358,0.14407127806468609,8.2546761821622283,0.018471170161193113,18.471170161193115,0.018664540919518718,18.664540919518718
1610,1.6100000000000001,2.1678420235730581e-23,3.0565281408646403e-11,30.565281408646403,8,5,0.12424911141726179,0.2491420852422378,14.274789983468818,0.031064738350739283,31.064738350739283,0.032054441125730637,32.054441125730634,13,9,0.07174948687475681,0.14362238170326969,8.2289563152142886,0.01841521204094048,18.415212040940482,0.018606787106684401,18.606787106684401
1620,1.6200000000000001,2.1745640304765535e-23,3.0470798087044159e-11,30.470798087044159,8,5,0.12386503287416323,0.2483679480061031,14.230435187074377,0.030976300482627329,30.97630048262733,0.031956900951951778,31.956900951951777,13,9,0.071527695040009762,0.14317765537765412,8.203475373718156,0.018359759108079805,18.359759108079807,0.018549566102206368,18.54956610220637
1630,1.6299999999999999,2.1812653222649312e-23,3.0377185582906423e-11,30.377185582906421,8,5,0.12348449423945698,0.24760098259011956,14.186491305706026,0.030888608700337352,30.88860870033735,0.031860245530889612,31.860245530889614,14,9,0.071307947377714606,0.14273703492218529,8.1782296812526596,0.018304803811749187,18.304803811749185,0.018492869764059904,18.492869764059904
1640,1.6399999999999999,2.187946089278398e-23,3.0284430601237213e-11,30.284430601237212,8,5,0.12310744146844393,0.24684107893535417,14.142952033451403,0.030801652652731319,30.80165265273132,0.031764461571967426,31.764461571967427,14,9,0.071090212678960596,0.14230045754503079,8.1532156401108153,0.018250338758043497,18.250338758043497,0.018436690123345555,18.436690123345553
1650,1.6499999999999999,2.194606518960002e-23,3.0192520129485517e-11,30.192520129485516,8,5,0.12273382166457526,0.24608812933305405,14.099811199053551,0.030715422186786252,30.715422186786252,0.031669536062350276,31.669536062350275,14,9,0.07087446039785332,0.14186786179059108,8.1284297291461431,0.018196356705847357,18.196356705847357,0.018381019379584879,18.381019379584881
1660,1.6599999999999999,2.2012467959169955e-23,3.0101441429877069e-11,30.10144142987707,8,5,0.12236358304828075,0.2453420283605125,14.057062762236315,0.030629907342799172,30.629907342799171,0.031575456259529441,31.575456259529442,14,10,0.070660660633514241,0.14143918750316065,8.1038685016906005,0.01814285056280248,18.142850562802479,0.018325849896171583,18.325849896171583
1670,1.6699999999999999,2.2078671019805383e-23,3.0011182031998983e-11,30.011182031998985,8,5,0.12199667492682512,0.24460267281906098,14.014700810151533,0.030545098349731174,30.545098349731173,0.031482209684147375,31.482209684147374,14,10,0.070448784112673662,0.14101437579178908,8.0795285835412809,0.018089813381404168,18.08981338140417,0.018271174195971754,18.271174195971753
1680,1.6799999999999999,2.2144676162637922e-23,2.9921729725627598e-11,29.9217297256276,8,5,0.12163304766515283,0.24386996167410474,13.972719553943342,0.03046098562068603,30.460985620686031,0.031389784113053945,31.389784113053945,14,10,0.070238802172834736,0.14059336899629685,8.0554066710132481,0.01803723835522229,18.037238355222289,0.018216984957067799,18.216984957067798
1690,1.6899999999999999,2.2210485152184639e-23,2.9833072553790006e-11,29.833072553790007,8,5,0.12127265265768293,0.24314379599712233,13.931113325424988,0.030377559748518752,30.377559748518753,0.03129816757258521,31.298167572585211,14,10,0.070030686745985921,0.14017611065440005,8.0314995290559352,0.017985118815241879,17.985118815241879,0.01816327500864022,18.16327500864022
1700,1.7,2.2276099726898434e-23,2.9745198806050446e-11,29.745198806050446,8,5,0.12091544230101806,0.24242407890955447,13.889876573863903,0.030294811501569908,30.29481150156991,0.031207348332056462,31.207348332056462,14,10,0.069824410342841425,0.13976254546990258,8.0078039894306805,0.017933448226319103,17.933448226319104,0.018110037326982301,18.110037326982301
1710,1.71,2.2341521599703872e-23,2.9658097012012941e-11,29.658097012012941,8,5,0.12056136996753226,0.24171071552850887,13.849003862870807,0.030212731819521409,30.212731819521409,0.031117314897461321,31.11731489746132,14,10,0.069619946037589059,0.13935261928191386,7.9843169489470407,0.017882220183748097,17.882220183748096,0.01805726503164239,18.057265031642391
1720,1.72,2.2406752458518943e-23,2.9571755935031981e-11,29.57175593503198,8,5,0.12021038997980479,0.24100361291421257,13.808489867388962,0.03013131180936985,30.131311809369851,0.03102805600536938,31.028056005369379,14,10,0.069417267453126708,0.13894627903505477,7.9610353677557111,0.017831428409934895,17.831428409934894,0.018004951381689172,18.004951381689171
1730,1.73,2.2471793966763199e-23,2.948616456612346e-11,29.48616456612346,8,5,0.11986245758586771,0.24030268001914551,13.768329370779734,0.030050542741513475,30.050542741513475,0.030939560617014965,30.939560617014966,14,10,0.069216348746768686,0.13854347275061302,7.9379562676958519,0.017781066751174204,17.781066751174205,0.017953089772095247,17.953089772095247
1740,1.74,2.2536647763852659e-23,2.9401312118068385e-11,29.401312118068386,8,5,0.11951752893523733,0.2396078276387926,13.728517262000894,0.029970416045949157,29.970416045949158,0.030851817912570061,30.851817912570063,14,10,0.069017164596404654,0.13814414949861323,7.9150767306948255,0.017731129174525545,17.731129174525545,0.017901673730234595,17.901673730234595
1750,1.75,2.2601315465681972e-23,2.9317188019702131e-11,29.31718801970213,8,5,0.11917556105569971,0.23891896836395271,13.689048532874125,0.029890923308575668,29.890923308575669,0.030764817285594555,30.764817285594553,14,10,0.068819690187094204,0.13774825937076796,7.8923938972183967,0.017681609764785049,17.681609764785048,0.01785069691248977,17.85069691248977
1760,1.76,2.2665798665094183e-23,2.9233781910382404e-11,29.233781910382405,8,5,0.11883651183082276,0.23823601653454776,13.649918275438484,0.029812056267599901,29.8120562675999,0.030678548337657367,30.678548337657368,14,10,0.068623901198080761,0.13735575345427556,7.8699049647694679,0.017632502721549446,17.632502721549447,0.017800153100964687,17.800153100964685
1770,1.77,2.2730098932338494e-23,2.9151083634629402e-11,29.151083634629401,8,5,0.11850033997816829,0.23755888819487625,13.611121679386605,0.029733806810042722,29.733806810042722,0.030593000873122438,30.593000873122438,14,10,0.068429773790209855,0.13696658380643581,7.8476071864336578,0.017583802356369041,17.583802356369041,0.017750036200299305,17.750036200299306
1780,1.78,2.2794217815516406e-23,2.9069083236931792e-11,29.069083236931792,8,5,0.11816700502817801,0.23688750105025785,13.572654029580631,0.02965616696834119,29.656166968341189,0.030508164894093439,30.50816489409344,14,10,0.068237284593736597,0.13658070343005163,7.8254978694699249,0.017535503089986453,17.535503089986452,0.017700340234582324,17.700340234582324
1790,1.79,2.2858156841016637e-23,2.8987770956712447e-11,28.987770956712446,8,6,0.11783646730370911,0.23622177442501793,13.534510703644896,0.029579128917044045,29.579128917044045,0.030424030595511558,30.424030595511557,14,10,0.068046410696508089,0.1361980662495885,7.8035743739446017,0.017487599449658001,17.487599449658003,0.017651059344358379,17.65105934435838
1800,1.8,2.2921917513939052e-23,2.890713722344834e-11,28.907137223448341,8,6,0.11750868790019649,0.23556162922176482,13.496687169632688,0.029502684969597674,29.502684969597674,0.03034058836040112,30.340588360401121,14,10,0.06785712963250784,0.13581862708806539,7.7818341114073446,0.017440086066555064,17.440086066555065,0.017602187783726485,17.602187783726485
1810,1.8100000000000001,2.2985501318508064e-23,2.8827172651938847e-11,28.827172651938845,8,6,0.11718362866641806,0.23490698788191111,13.45917898376428,0.029426827575219382,29.426827575219381,0.030257828755257496,30.257828755257496,14,10,0.067669419370748468,0.13544234164464933,7.7602745436073954,0.01739295767324233,17.392957673242332,0.017553719917526276,17.553719917526276
1820,1.8200000000000001,2.3048909718475757e-23,2.8747868037717263e-11,28.747868037717261,8,6,0.11686125218584252,0.23425777434739564,13.421981788233772,0.029351549315855513,29.351549315855515,0.030175742525572525,30.175742525572524,14,10,0.06748325830450061,0.13506916647292916,7.73889318124876,0.01734620910123048,17.346209101230482,0.017505650218608993,17.505650218608992
1830,1.8300000000000001,2.3112144157515034e-23,2.866921435260042e-11,28.66921435260042,8,6,0.11654152175853828,0.23361391402356291,13.385091309082231,0.029276842903221523,29.276842903221521,0.030094320591492554,30.094320591492554,14,10,0.067298625240846052,0.13469905895984433,7.7176875827829168,0.017299835278600594,17.299835278600593,0.017457973265190267,17.457973265190269
1840,1.8400000000000001,2.3175206059603148e-23,2.8591202740371511e-11,28.591202740371511,8,6,0.11622440138362401,0.23297533374315874,13.348503354134792,0.029202701175921601,29.2027011759216,0.030013554043604455,30.013554043604454,14,10,0.067115499390543454,0.13433197730524504,7.6966553532376984,0.017253831227697868,17.253831227697869,0.017410683738281675,17.410683738281676
1850,1.8500000000000001,2.3238096829395831e-23,2.8513824512591428e-11,28.513824512591427,8,6,0.11590985574224157,0.23234196173140256,13.312213810999452,0.029129117096645233,29.129117096645231,0.029933434138845232,29.933434138845232,14,10,0.066933860358195832,0.13396788050206215,7.6757941430811139,0.017208192062892275,17.208192062892277,0.017363776419198531,17.36377641919853
1860,1.8600000000000001,2.3300817852592357e-23,2.8437071144534138e-11,28.437071144534137,8,6,0.11559785018103307,0.23171372757209882,13.276218645125399,0.029056083749438379,29.056083749438379,0.029853952296530917,29.853952296530917,14,10,0.066753688132709238,0.13360672831706494,7.6551016471188449,0.017162912988403847,17.162912988403846,0.017317246187141005,17.317246187141006
1870,1.8700000000000001,2.3363370496291775e-23,2.836093427124176e-11,28.36093427124176,8,6,0.1152883506961047,0.23109056217475091,13.24051389791877,0.028983594337046975,28.983594337046974,0.029775100094500708,29.775100094500708,15,10,0.06657496307803229,0.13324848127218639,7.6345756034242704,0.017117989296190392,17.117989296190391,0.017271088016846247,17.271088016846246
1880,1.8799999999999999,2.3425756109340571e-23,2.8285405683695227e-11,28.285405683695227,8,6,0.11498132391746026,0.23047239774264305,13.205095684913889,0.028911642178330508,28.911642178330506,0.029696869265372385,29.696869265372385,15,10,0.066397665924167196,0.13289310062639662,7.6142137922998829,0.017073416363895595,17.073416363895596,0.017225296976308938,17.225296976308936
1890,1.8899999999999999,2.3487976022672052e-23,2.8210477325096491e-11,28.210477325096491,8,6,0.11467673709388816,0.22985916774185608,13.169960193997991,0.028840220705743443,28.840220705743441,0.029619251692905222,29.619251692905223,15,10,0.066221777758442457,0.13254054835810478,7.5940140352689962,0.017029189652855395,17.029189652855393,0.017179868224567931,17.17986822456793
1900,1.8999999999999999,2.3550031549637621e-23,2.8136141287258528e-11,28.136141287258528,8,6,0.11437455807828668,0.22925080687118576,13.135103683687678,0.0287693234628826,28.7693234628826,0.029542239408466838,29.542239408466838,15,10,0.066047280017038787,0.13219078714807242,7.5739741940967535,0.016985304706160758,16.985304706160758,0.017134797009556835,17.134797009556834
1910,1.9099999999999999,2.3611923986330244e-23,2.8062389807099414e-11,28.062389807099414,8,6,0.11407475531341224,0.22864725103293201,13.100522481455258,0.028698944102098278,28.698944102098277,0.029465824587600383,29.465824587600384,15,10,0.065874154476759178,0.1318437803628198,7.5540921698393761,0.016941757146774931,16.941757146774929,0.017090078666016213,17.090078666016211
1920,1.9199999999999999,2.3673654611900285e-23,2.798921526323698e-11,27.989215263236979,8,6,0.11377729781803649,0.22804843730452989,13.066212982103323,0.028629076382167346,28.629076382167348,0.029389999546688816,29.389999546688816,15,10,0.065702383247035159,0.13149949203850891,7.5343659019207312,0.016898542675703399,16.8985426757034,0.017045708613465455,17.045708613465454
1930,1.9299999999999999,2.373522468886397e-23,2.7916610172680616e-11,27.916610172680617,8,6,0.11348215517349843,0.2274543039109938,13.032171646185919,0.028559714166026387,28.559714166026389,0.029314756739713007,29.314756739713008,15,10,0.065531948762161063,0.13115788686528732,7.5147933672352982,0.016855657070214788,16.855657070214789,0.017001682354232245,17.001682354232244
1940,1.9399999999999999,2.3796635463404651e-23,2.7844567187616991e-11,27.844567187616992,8,6,0.11318929751063816,0.22686479019814684,12.998394998474701,0.028490851418563019,28.490851418563018,0.0292400887551005,29.240088755100501,15,10,0.065362833773748796,0.13081893017207671,7.4953725792766202,0.016813096182111104,16.813096182111103,0.016957995471537715,16.957995471537714
1950,1.95,2.3857888165667095e-23,2.7773079092286568e-11,27.773079092286569,8,6,0.11289869549709985,0.22627983660661016,12.96487962646863,0.028422482204463754,28.422482204463755,0.029165988312662081,29.16598831266208,15,10,0.065195021343395693,0.13048258791179201,7.4761015872904162,0.016770855936045586,16.770855936045585,0.016914643627635426,16.914643627635428
1960,1.96,2.3918984010044998e-23,2.7702138799947861e-11,27.702138799947861,8,6,0.11261032032499128,0.22569938464652595,12.931622178945709,0.028354600686116706,28.354600686116704,0.02909244826061318,29.092448260613182,15,10,0.065028494835558351,0.13014882664697608,7.4569784754515149,0.016728932327886793,16.728932327886792,0.016871622562002465,16.871622562002464
1970,1.97,2.3979924195461884e-23,2.7631739349926552e-11,27.631739349926551,8,6,0.11232414369888841,0.22512337687299,12.898619364555371,0.028287201121567393,28.287201121567392,0.029019461572677353,29.019461572677354,15,10,0.064863237910625704,0.12981761353583679,7.4380013620638357,0.016687321423127267,16.687321423127269,0.016828928089580818,16.828928089580817
1980,1.98,2.4040709905645641e-23,2.7561873904746694e-11,27.561873904746694,8,6,0.11204013782417355,0.22455175686217083,12.865867950450211,0.028220277862526233,28.220277862526231,0.028947021345269244,28.947021345269242,15,10,0.064699234518184726,0.12948891631867282,7.4191683987826451,0.016646019355335457,16.646019355335458,0.016786556099067491,16.786556099067493
1990,1.99,2.4101342309396767e-23,2.7492535747341301e-11,27.4925357473413,8,6,0.11175827539569633,0.22398446918809209,12.833364760955705,0.028153825352426106,28.153825352426107,0.02887512079475436,28.875120794754359,15,10,0.064536468890472529,0.1291627033046758,7.4004777698583739,0.016605022324649502,16.605022324649504,0.016744502551251726,16.744502551251728
2000,2,2.4161822560850594e-23,2.7423718278339741e-11,27.423718278339742,8,6,0.11147852958674691,0.22342145940005764,12.801106676276776,0.028087838124528579,28.087838124528577,0.028803753254783383,28.803753254783384,15,10,0.064374925536008779,0.12883894335909621,7.3819276914012786,0.016564326596311491,16.564326596311492,0.016702763477397808,16.702763477397809
2010,2.0099999999999998,2.4222151799733624e-23,2.7355415013429435e-11,27.355415013429436,8,6,0.11120087403833102,0.22286267400069676,12.769090631239866,0.028022310800077267,28.022310800077268,0.028732912173698343,28.732912173698342,15,11,0.064214589233402425,0.12851760589076144,7.3635164106662776,0.016523928499240958,16.523928499240959,0.016661334977671999,16.661334977671999
2020,2.02,2.4282331151614111e-23,2.7287619580789499e-11,27.287619580789499,9,6,0.11092528284873779,0.22230806042461135,12.737313614069514,0.02795723808649711,27.95723808649711,0.028662591112008688,28.662591112008688,15,11,0.064055445025327451,0.12819866083993459,7.3452422053573132,0.01648382442464642,16.483824424646421,0.016620213219612153,16.620213219612154
2030,2.0299999999999998,2.434236172814707e-23,2.7220325718594e-11,27.220325718594001,9,6,0.11065173056339023,0.22175756701760427,12.70577266519823,0.02789261477563813,27.89261477563813,0.028592783739934818,28.59278373993482,15,11,0.063897478212661965,0.12788207866650311,7.3271033829506109,0.016444010824673668,16.444010824673668,0.016579394436638691,16.57939443663869
2040,2.04,2.4402244627313883e-23,2.7153527272582609e-11,27.153527272582608,9,6,0.11038019216496994,0.22121114301647091,12.674464876108637,0.027828435742062407,27.828435742062407,0.028523483835017061,28.523483835017061,15,11,0.06374067434878547,0.12756783033848676,7.3090982800362312,0.016404484211089747,16.404484211089748,0.016538874926605607,16.538874926605608
2050,2.0499999999999998,2.4461980933656609e-23,2.7087218193696493e-11,27.087218193696494,9,6,0.11011064306380687,0.22066873852933572,12.643387388206833,0.027764695941373051,27.764695941373052,0.028454685279788006,28.454685279788006,15,11,0.063585019234029316,0.12725588732085444,7.2912252616773241,0.016365241154001498,16.365241154001499,0.016498651050390188,16.498651050390187
2060,2.0600000000000001,2.4521571718507148e-23,2.7021392535777429e-11,27.02139253577743,9,6,0.10984305908852612,0.22013030451651666,12.612537391726008,0.027701390408583968,27.701390408583968,0.028386382059506225,28.386382059506225,15,11,0.063430498910275648,0.12694622156464078,7.2734827207865544,0.016326278280607575,16.326278280607575,0.016458719230520363,16.458719230520362
2070,2.0699999999999998,2.4581018040211428e-23,2.6956044453328131e-11,26.956044453328133,9,6,0.10957741647694361,0.21959579277190097,12.581912124659356,0.027638514256529238,27.638514256529238,0.028318568259949533,28.318568259949533,15,11,0.063277099655699831,0.12663880549635226,7.255869077519117,0.016287592273982909,16.287592273982909,0.016419075949838317,16.419075949838316
2080,2.0800000000000001,2.4640320944348714e-23,2.6891168199331822e-11,26.891168199331823,9,6,0.10931369186720251,0.21906515590481551,12.551508871721314,0.027576062674311015,27.576062674311014,0.028251238065265808,28.251238065265809,15,11,0.063124807979652156,0.12633361200765436,7.2383827786818538,0.01624917987189468,16.249179871894679,0.016379717750199408,16.379717750199408
2090,2.0899999999999999,2.4699481463946161e-23,2.6826758123129329e-11,26.826758123129331,9,6,0.1090518622891436,0.21853834732237731,12.521324963336335,0.027514030925784812,27.514030925784812,0.028184385755879789,28.184385755879788,15,11,0.06297361061767448,0.12603061444533084,7.2210222971579636,0.016211037865648752,16.211037865648752,0.016340641231205207,16.340641231205208
2100,2.1000000000000001,2.475850061968879e-23,2.6762808668351778e-11,26.762808668351777,9,6,0.10879190515590152,0.21801532121230827,12.491357774654235,0.027452414348081152,27.452414348081152,0.028118005706453977,28.118005706453978,15,11,0.062823494526647358,0.12572978660150644,7.2037861313468046,0.016173163098965725,16.173163098965727,0.016301843048969603,16.301843048969602
2110,2.1099999999999999,2.4817379420124929e-23,2.6699314370907276e-11,26.699314370907278,9,6,0.10853379825572063,0.21749603252620059,12.461604724591369,0.027391208350162597,27.391208350162596,0.028052092383902109,28.05209238390211,15,11,0.06267444688006403,0.12543110270412533,7.1866728046183486,0.016135552466885673,16.135552466885674,0.016263319914917022,16.263319914917023
2120,2.1200000000000001,2.4876118861867307e-23,2.6636269857019886e-11,26.636269857019887,9,6,0.10827751974398327,0.21698043696321834,12.432063274896816,0.027330408411415076,27.330408411415075,0.02798664034545352,27.98664034545352,15,11,0.062526455063426953,0.12513453740767702,7.1696808647818147,0.016098202914700682,16.098202914700682,0.016225068594611671,16.22506859461167
2130,2.1299999999999999,2.493471992978988e-23,2.6573669841319275e-11,26.573669841319276,9,6,0.10802304813544419,0.21646849095422208,12.402730929242763,0.027270010080272668,27.270010080272669,0.027921644236766945,27.921644236766944,16,11,0.062379506669763551,0.12484006578416247,7.1528088835680652,0.016061111436914462,16.061111436914462,0.016187085906617008,16.187085906617007
2140,2.1400000000000001,2.499318359722048e-23,2.6511509124979552e-11,26.51150912497955,9,6,0.10777036229666483,0.21596015164630383,12.373605232338447,0.027210008972874809,27.21000897287481,0.027857098790092211,27.857098790092209,16,11,0.062233589495257161,0.12454766331429279,7.136055456125332,0.016024275076228063,16.024275076228061,0.016149368721384373,16.149368721384374
2150,2.1499999999999999,2.5051510826129448e-23,2.6449782593905744e-11,26.449782593905745,9,6,0.10751944143864123,0.21545537688771946,12.344683769066828,0.027150400771755134,27.150400771755134,0.027792998822478421,27.79299882247842,16,11,0.062088691534990005,0.12425730587891384,7.1194192005278758,0.015987690922551086,15.987690922551087,0.016111913960170005,16.111913960170003
2160,2.1600000000000001,2.5109702567314314e-23,2.6388485216966518e-11,26.388485216966519,9,6,0.10727026510961998,0.21495412521320653,12.315964163643372,0.027091181224560962,27.091181224560962,0.027729339234027227,27.729339234027226,16,11,0.061944800978794637,0.12396896975064961,7.1028987572971918,0.015951356112037542,15.951356112037542,0.016074718593979534,16.074718593979533
2170,2.1699999999999999,2.5167759760580623e-23,2.6327612044271736e-11,26.327612044271735,9,6,0.10702281318809648,0.21445635582967668,12.287444078796282,0.027032346142802723,27.032346142802723,0.027666115006189863,27.666115006189862,16,11,0.061801906207210641,0.12368263158575782,7.086492788935371,0.015915267826145621,15.915267826145621,0.016037779642539187,16.037779642539189
2180,2.1800000000000002,2.5225683334919024e-23,2.6267158205493543e-11,26.267158205493544,9,6,0.10677706587599001,0.21396202860227037,12.259121214967497,0.026973891400632399,26.9738914006324,0.027603321200106706,27.603321200106706,16,11,0.061659995787543526,0.12339826841619182,7.070199979470277,0.015879423290720788,15.879423290720787,0.016001094173292842,16.001094173292842
2190,2.1899999999999999,2.528347420867871e-23,2.620711890822963e-11,26.207118908229631,9,6,0.10653300369199036,0.21347110404076372,12.230993309533854,0.026915812933650231,26.91581293365023,0.027540952954987992,27.540952954987993,16,11,0.061519058470022599,0.12311585764186196,7.0540190340121542,0.015843819775101374,15.843819775101373,0.015964659300424223,15.964659300424223
2200,2.2000000000000002,2.5341133289737293e-23,2.6147489436407488e-11,26.14748943640749,9,6,0.10629060746507107,0.212983543286317,12.203058136047844,0.026858106737738963,26.858106737738964,0.027479005486534612,27.479005486534611,16,11,0.061379083184055133,0.12283537702309112,7.0379486783213672,0.015808454591246145,15.808454591246145,0.015928472183903447,15.928472183903446
2210,2.21,2.5398661475667213e-23,2.6088265148728416e-11,26.088265148728414,9,6,0.10604985832816428,0.21249930809855441,12.175313503497323,0.026800768867924828,26.800768867924827,0.027417474085397745,27.417474085397746,16,11,0.061240059034573739,0.1225568046732584,7.0219876583869105,0.015773325092883102,15.773325092883102,0.01589253002855728,15.89253002855728
2220,2.2200000000000002,2.5456059653898752e-23,2.6029441477150121e-11,26.029441477150122,9,6,0.10581073771199236,0.2120183608429656,12.147757255583684,0.026743795437264559,26.743795437264559,0.027356354115676225,27.356354115676226,16,11,0.061101975298474456,0.12228011905162546,7.0061347400153897,0.015738428674679023,15.738428674679023,0.015856830083162313,15.856830083162313
2230,2.23,2.5513328701879771e-23,2.5971013925406777e-11,25.971013925406776,9,6,0.10557322733905193,0.21154066447861936,12.120387270017901,0.026687182615757778,26.687182615757777,0.027295641013450576,27.295641013450577,16,11,0.060964821421142665,0.12200529895634027,6.9903887084301646,0.015703762771429028,15.703762771429028,0.015821369639560472,15.821369639560473
2240,2.2400000000000002,2.5570469487232186e-23,2.591297806756548e-11,25.912978067565479,9,6,0.10533730921774584,0.21106618254618079,12.09320145783396,0.026630926629284058,26.630926629284058,0.027235330285352636,27.235330285352635,16,11,0.060828587013064504,0.121732323517613,6.9747483678803599,0.015669324857265698,15.669324857265698,0.015786146031796205,15.786146031796205
2250,2.25,2.5627482867905351e-23,2.5855329546618006e-11,25.855329546618005,9,6,0.10510296563665855,0.21059487915622233,12.066197762719131,0.026575023758563986,26.575023758563987,0.027175417507169747,27.175417507169747,16,11,0.060693261846521136,0.12146117219105908,6.959212541259447,0.015635112444887137,15.635112444887136,0.015751156635274634,15.751156635274635
2260,2.2599999999999998,2.5684369692326352e-23,2.5798064073106893e-11,25.798064073106893,9,6,0.10487017915897109,0.21012671897782095,12.039374160360641,0.026519470338143603,26.519470338143602,0.027115898322482557,27.115898322482558,16,11,0.060558835852363595,0.12119182475120475,6.9437800697331404,0.015601123084803482,15.601123084803481,0.015716398865940232,15.716398865940231
2270,2.27,2.5741130799547302e-23,2.5741177423784856e-11,25.741177423784855,9,6,0.1046389326170116,0.20966166722743301,12.012728657808239,0.02646426275540165,26.464262755401649,0.027056768441335477,27.056768441335478,16,11,0.060425299116865852,0.12092426128515031,6.9284498123763294,0.015567354364601278,15.567354364601279,0.015681870179475272,15.681870179475272
2280,2.2799999999999998,2.5797767019389736e-23,2.5684665440306563e-11,25.684665440306564,9,6,0.10440920910693724,0.20919968965803862,11.986259292852228,0.026409397449578959,26.409397449578957,0.026998023638938842,26.998023638938843,16,11,0.060292641878653901,0.1206584621863865,6.9132206458187815,0.015533803908225327,15.533803908225327,0.015647568070517606,15.647568070517606
2290,2.29,2.5854279172586169e-23,2.5628524027951862e-11,25.628524027951862,9,6,0.10418099198354414,0.20874075254854788,11.959964133416475,0.026354870910829397,26.354870910829398,0.026939659754401914,26.939659754401912,16,11,0.060160854525708594,0.12039440814875974,6.8980914638993793,0.01550046937527739,15.50046937527739,0.015613490071897147,15.613490071897147
2300,2.2999999999999998,2.5910668070918841e-23,2.5572749154379586e-11,25.572749154379586,9,6,0.10395426485520155,0.20828482269346213,11.933841276966051,0.02630067967929196,26.30067967929196,0.026881672689495872,26.881672689495872,16,11,0.060029927592440337,0.12013208016058217,6.8830611773286474,0.015467348460331405,15.467348460331406,0.015579633753890597,15.579633753890597
2310,2.3100000000000001,2.5966934517355784e-23,2.5517336848411065e-11,25.517336848411066,9,6,0.10372901157890675,0.20783186739278198,11.907888849929,0.0262468203441832,26.246820344183199,0.026824058407445919,26.824058407445918,16,11,0.059899851756833482,0.11987145949888219,6.8681287133593312,0.015434438892264679,15.434438892264678,0.015545996723493856,15.545996723493856
2320,2.3199999999999998,2.6023079306184219e-23,2.5462283198842485e-11,25.462283198842485,9,6,0.10350521625545725,0.20738185444215601,11.882105007131903,0.026193289542909722,26.193289542909721,0.026766812931751736,26.766812931751737,16,11,0.059770617837658413,0.11961252772379136,6.8532930154647964,0.015401738433604617,15.401738433604617,0.015512576623711612,15.512576623711611
2330,2.3300000000000001,2.6079103223141389e-23,2.5407584353285321e-11,25.407584353285323,9,6,0.10328286322473706,0.20693475212326295,11.856487931248818,0.026140083960200042,26.140083960200041,0.026709932345035457,26.709932345035458,16,11,0.059642216791749574,0.1193552666730644,6.8385530430250405,0.015369244879890626,15.369244879890626,0.015479371132863691,15.47937113286369
2340,2.3399999999999999,2.6135007045542835e-23,2.5353236517034097e-11,25.353236517034098,9,6,0.1030619370611142,0.2064905291944216,11.831035832263268,0.026087200327255502,26.087200327255502,0.026653412787916515,26.653412787916515,16,11,0.059514639711347642,0.1190996584567284,6.8239077710201208,0.015336956059050751,15.336956059050751,0.015446377963907682,15.446377963907683
2350,2.3500000000000001,2.6190791542408256e-23,2.5299235951960579e-11,25.299235951960579,9,6,0.10284242256894544,0.20604915488142028,11.805746946942806,0.026034635420919477,26.034635420919475,0.026597250457912412,26.597250457912413,16,11,0.059387877821503704,0.11884568545185697,6.8093561897307326,0.015304869830792552,15.304869830792551,0.015413594863777302,15.413594863777302
2360,2.3599999999999999,2.6246457474584906e-23,2.5245578975433874e-11,25.245578975433872,9,6,0.10262430477818647,0.20561059886856237,11.780619538325963,0.025982386062864734,25.982386062864734,0.026541441608364986,26.541441608364988,16,11,0.059261922477544297,0.1185933302974671,6.7948973044458212,0.015272984086008027,15.272984086008027,0.015381019612736229,15.381019612736228
2370,2.3700000000000001,2.6302005594868693e-23,2.5192261959265539e-11,25.19226195926554,9,6,0.1024075689401038,0.2051748312899197,11.755651895221103,0.025930449118798223,25.930449118798222,0.026485982547391214,26.485982547391213,16,11,0.05913676516259516,0.11834257588953434,6.7805301351769716,0.015241296746192024,15.241296746192024,0.015348650023746838,15.348650023746838
2380,2.3799999999999999,2.6357436648122941e-23,2.5139281328679126e-11,25.139281328679125,9,6,0.10219220052308586,0.2047418227207895,11.730842331716945,0.025878821497683009,25.87882149768301,0.026430869636858121,26.43086963685812,16,11,0.059012397485162266,0.11809340537612346,6.7662537163794205,0.015209805762873849,15.209805762873849,0.015316483941853495,15.316483941853495
2390,2.3900000000000001,2.6412751371394924e-23,2.5086633561303463e-11,25.086633561303461,9,6,0.10197818520855065,0.20431154416934852,11.706189186704373,0.025827500150976849,25.827500150976849,0.026376099291380933,26.376099291380932,16,12,0.058888811176768689,0.11784580215263162,6.7520670966795029,0.015178509117061765,15.178509117061765,0.015284519243580029,15.284519243580029
2400,2.3999999999999999,2.6467950494030218e-23,2.5034315186189024e-11,25.034315186189023,9,6,0.10176550888694724,0.20388396706849951,11.681690823409285,0.025776482071886989,25.776482071886988,0.026321667977344022,26.321667977344021,17,12,0.058765998089645589,0.1175997498571405,6.7379693386083561,0.01514740481869996,15.147404818699959,0.015252753836340952,15.252753836340952
2410,2.4100000000000001,2.6523034737784905e-23,2.4982322782846763e-11,24.982322782846762,9,6,0.10155415765384862,0.20345906326790436,11.657345628936115,0.025725764294640831,25.725764294640832,0.026267572211943931,26.267572211943932,17,12,0.058643950194475963,0.11735523236587497,6.7239595183417151,0.01511649090613768,15.116490906137681,0.015221185657866098,15.221185657866098
2420,2.4199999999999999,2.6578004816935654e-23,2.4930652980308856e-11,24.930652980308857,9,6,0.10134411780613355,0.20303680502619975,11.633152013821826,0.025675343893772053,25.675343893772052,0.026213808562253988,26.213808562253988,17,12,0.058522659578189799,0.11711223378876517,6.7100367254456392,0.015085765445610249,15.085765445610249,0.015189812675638306,15.189812675638306
2430,2.4300000000000002,2.6632861438387823e-23,2.4879302456210648e-11,24.879302456210649,9,6,0.10113537583825466,0.2026171650033888,11.609108411599985,0.025625217983421732,25.625217983421731,0.026160373644309773,26.160373644309772,17,12,0.05840211844180903,0.11687073846510898,6.6962000626279936,0.01505522653073158,15.055226530731581,0.015158632886343774,15.158632886343774
2440,2.4399999999999999,2.6687605301781485e-23,2.4828267935893401e-11,24.8282679358934,9,7,0.10092791843859104,0.20220011625340595,11.585213278374761,0.025575383716654212,25.575383716654212,0.026107264122215094,26.107264122215092,17,12,0.058282319098341313,0.11663073095933296,6.6824486454955654,0.015024872281997982,15.024872281997983,0.015127644315334823,15.127644315334823
2450,2.4500000000000002,2.6742237099595561e-23,2.4777546191527146e-11,24.777546191527147,9,7,0.1007217324858827,0.20178563221684898,11.5614650924045,0.025525838284787297,25.525838284787298,0.026054476707267789,26.054476707267789,17,12,0.058163253970720995,0.11639219605684824,6.668781602316626,0.014994700846302852,14.994700846302852,0.015096845016104636,15.096845016104636
2460,2.46,2.6796757517250016e-23,2.4727134041253182e-11,24.727134041253183,9,7,0.10051680504574463,0.20137368671387415,11.537862353694649,0.025476578916736325,25.476578916736326,0.02600200815710484,26.002008157104839,17,12,0.0580449155897962,0.11615511875999944,6.6551980737888199,0.014964710396462081,14.964710396462081,0.015066233069773749,15.06623306977375
2470,2.4700000000000002,2.6851167233206188e-23,2.4677028348345688e-11,24.677028348345686,9,7,0.10031312336725888,0.20096425393725081,11.514403583599808,0.025427602878372046,25.427602878372046,0.025949855274866429,25.94985527486643,17,12,0.057927296592360768,0.11591948428410388,6.6416972128122271,0.014934899130749784,14.934899130749784,0.015035806584587917,15.035806584587917
2480,2.48,2.690546691906527e-23,2.4627226020391984e-11,24.627226020391983,9,7,0.1001106748796422,0.20055730844557026,11.491087324434638,0.025378907471891643,25.378907471891644,0.025898014908378283,25.898014908378283,17,12,0.057810389719230006,0.1156852780535792,6.6282781842674954,0.01490526527244424,14.90526527244424,0.015005563695427151,15.005563695427151
2490,2.4900000000000002,2.6959657239665081e-23,2.4577724008490827e-11,24.577724008490826,10,7,0.099909447188987088,0.20015282515660515,11.467912139093366,0.025330490035202796,25.330490035202796,0.025846483949351868,25.846483949351867,17,12,0.057694187813358742,0.11545248569815597,6.6149401647988348,0.014875807069383578,14.875807069383578,0.014975502563325476,14.975502563325476
2500,2.5,2.7013738853174992e-23,2.4528519306468462e-11,24.528519306468461,10,7,0.099709428075075032,0.1997507793408162,11.444876610677765,0.025282347941320428,25.282347941320428,0.025795259332602107,25.795259332602107,17,12,0.057578683818001082,0.11522109304917458,6.6016823426018485,0.014846522793531167,14.846522793531166,0.01494562137500133,14.945621375001329
2510,2.5099999999999998,2.7067712411189202e-23,2.4479608950111819e-11,24.479608950111817,10,7,0.099510605488259421,0.19935114661500133,11.421979342133264,0.025234478597775785,25.234478597775784,0.025744338035282009,25.744338035282009,17,12,0.057463870774910372,0.11499108613596294,6.5885039172159905,0.014817410740550305,14.817410740550304,0.014915918342398153,14.915918342398154
2520,2.52,2.712157855881837e-23,2.4430990016418439e-11,24.430990016418438,10,7,0.099312967546416414,0.19895390293608409,11.399218955893055,0.025186879446037556,25.186879446037555,0.025693717076133826,25.693717076133826,17,12,0.057349741822578494,0.11476245118229353,6.5754040993215641,0.014788469229388061,14.788469229388062,0.014886391702235022,14.886391702235022
2530,2.5299999999999998,2.7175337934779512e-23,2.4382659622862795e-11,24.382659622862796,10,7,0.099116502531962566,0.19855902459503791,11.376594093529983,0.025139547960944825,25.139547960944824,0.025643393514756377,25.643393514756376,17,12,0.057236290194513602,0.11453517460291777,6.5623821105411633,0.014759696601868016,14.759696601868017,0.014857039715567011,14.85703971556701
2540,2.54,2.7228991171484422e-23,2.4334614926678429e-11,24.33461492667843,10,7,0.09892119888893669,0.19816648821094229,11.354103415415977,0.025092481650151481,25.09248165015148,0.025593364450888063,25.593364450888064,17,12,0.057123509217554998,0.11430924300017536,6.5494371832453968,0.014731091222291643,14.731091222291644,0.014827860667355055,14.827860667355054
2550,2.5499999999999998,2.7282538895126433e-23,2.4286853124155671e-11,24.28685312415567,10,7,0.098727045220144999,0.19777627072516793,11.331745600388899,0.025045678053581842,25.045678053581842,0.0255436270237052,25.543627023705199,17,12,0.057011392310224576,0.11408464316067715,6.5365685603628334,0.014702651477048188,14.702651477048189,0.014798852866045082,14.798852866045083
2560,2.5600000000000001,2.733598172576571e-23,2.4239371449954378e-11,24.23937144995438,10,7,0.098534030284367385,0.19738834939568681,11.309519345426528,0.024999134742897226,24.999134742897226,0.025494178411135261,25.494178411135259,17,12,0.056899932981113559,0.11386136205205916,6.5237754951940197,0.014674375774232737,14.674375774232736,0.014770014643156129,14.770014643156129
2570,2.5699999999999998,2.7389320277412998e-23,2.4192167176431482e-11,24.192167176431482,10,7,0.098342142993623899,0.1970027017915055,11.287423365327607,0.024952849320973282,24.952849320973282,0.025445015829184733,25.445015829184733,17,12,0.056789124827303944,0.11363938681980648,6.5110572512295057,0.01464626254327238,14.64626254327238,0.014741344352877305,14.741344352877306
2580,2.5800000000000001,2.7442555158111953e-23,2.4145237612982803e-11,24.145237612982804,10,7,0.098151372410499191,0.19661930578721665,11.265456392399676,0.024906819421387678,24.906819421387677,0.025396136531281102,25.396136531281101,17,12,0.05667896153282348,0.11341870478414477,6.4984131019717344,0.014618310234560158,14.618310234560159,0.014712840371673272,14.712840371673272
2590,2.5899999999999999,2.7495686970019993e-23,2.4098580105398915e-11,24.098580105398916,10,7,0.097961707745524026,0.19623813955766728,11.243617176153583,0.024861042707918047,24.861042707918045,0.025347537807628724,25.347537807628726,17,12,0.056569436867133602,0.11319930343699809,6.4858423307607449,0.014590517319096703,14.590517319096703,0.014684501097898121,14.684501097898121
2600,2.6000000000000001,2.7548716309487767e-23,2.405219203523463e-11,24.052192035234629,10,7,0.097773138354612307,0.19585918157274027,11.221904483004483,0.02481551687404988,24.81551687404988,0.025299216984578172,25.299216984578173,17,12,0.056460544683649361,0.11298117043901112,6.4733442306035558,0.014562882288139291,14.56288228813929,0.014656324951417389,14.656324951417389
2610,2.6099999999999999,2.7601643767137268e-23,2.4006070819191756e-11,24.006070819191756,10,7,0.097585653736551842,0.19548241059224591,11.20031709597915,0.02477023964249413,24.770239642494129,0.025251171424008758,25.251171424008756,17,12,0.056352278918290505,0.11276429361663429,6.4609181040071544,0.014535403652858211,14.535403652858211,0.01462831037323801,14.62831037323801
2620,2.6200000000000001,2.7654469927938555e-23,2.3960213908514885e-11,23.960213908514884,10,7,0.097399243530548296,0.19510780566092167,11.178853814429484,0.024725208764714349,24.725208764714349,0.025203398522723894,25.203398522723894,17,12,0.056244633588063107,0.1125486609592702,6.4485632628150018,0.014508079944000198,14.508079944000198,0.014600455825146042,14.600455825146042
2630,2.6299999999999999,2.7707195371285193e-23,2.391461878839977e-11,23.914618788399771,10,7,0.097213897513820188,0.19473534610353671,11.157513453752014,0.024680422020463121,24.680422020463123,0.025155895711859,25.155895711858999,17,12,0.056137602789670817,0.11233426061647993,6.4362790280469611,0.01448090971155881,14.480909711558811,0.014572759789351922,14.572759789351922
2640,2.6400000000000001,2.7759820671068425e-23,2.3869282977414041e-11,23.869282977414041,10,7,0.097029605599244062,0.19436501152009841,11.136294845113264,0.024635877217327479,24.635877217327479,0.02510866045630156,25.108660456301561,17,12,0.05603118069815502,0.11212108089524739,6.424064729742561,0.014453891524451543,14.453891524451542,0.014545220768143104,14.545220768143103
2650,2.6499999999999999,2.781234639575e-23,2.3824204026930027e-11,23.824204026930026,10,7,0.096846357833048874,0.1939967817811597,11.115196835180871,0.024591572190283312,24.591572190283312,0.025061690254123224,25.061690254123224,17,12,0.055925361565563436,0.11190911025730099,6.4119197068075371,0.014427023970203566,14.427023970203566,0.014517837283543914,14.517837283543914
2660,2.6600000000000001,2.7864773108433849e-23,2.3779379520569227e-11,23.779379520569226,10,7,0.096664144392557827,0.19363063702322308,11.094218285860265,0.024547504801258339,24.547504801258338,0.025014982636023444,25.014982636023444,17,12,0.05582013971964607,0.11169833731649051,6.3998433068635352,0.014400305654637879,14.400305654637879,0.014490607876982404,14.490607876982404
2670,2.6699999999999999,2.7917101366936509e-23,2.3734807073658283e-11,23.734807073658281,10,7,0.096482955583976751,0.19326655764423989,11.073358074036785,0.024503672938703574,24.503672938703573,0.024968535164784506,24.968535164784505,17,12,0.055715509562578126,0.11148875083621801,6.3878348861009195,0.014373735201571725,14.373735201571725,0.014463531108964027,14.463531108964027
2680,2.6800000000000002,2.7969331723856377e-23,2.3690484332696116e-11,23.690484332696116,10,7,0.096302781840228099,0.19290452429920238,11.052615091323132,0.02446007451717306,24.460074517173059,0.024922345434737626,24.922345434737625,17,12,0.055611465569709188,0.11128033972692195,6.3758938091346149,0.014347311252519182,14.347311252519182,0.014436605558752045,14.436605558752044
2690,2.6899999999999999,2.8021464726641766e-23,2.3646408974831995e-11,23.646408974831996,10,7,0.096123613718829229,0.19254451789582655,11.031988243812011,0.024416707476911725,24.416707476911725,0.024876411071239946,24.876411071239946,18,12,0.055508002288338014,0.1110730930436126,6.3640194488629049,0.01432103246639972,14.321032466399719,0.01440982982405444,14.409829824054439
2700,2.7000000000000002,2.8073500917657899e-23,2.3602578707354166e-11,23.602578707354166,10,7,0.095945441899813674,0.19218651959032246,11.011476451833792,0.024373569783451027,24.373569783451028,0.024830729730161906,24.830729730161906,18,12,0.055405114336512122,0.11086699998345752,6.3522111863290833,0.014294897519252555,14.294897519252554,0.01438320252071713,14.383202520717131
2710,2.71,2.8125440834252697e-23,2.3558991267188992e-11,23.558991267188993,10,7,0.095768257183695082,0.19183051078325178,10.991078649719155,0.024330659427212471,24.330659427212471,0.024785299097385145,24.785299097385145,18,12,0.055302796401852088,0.11066204988341682,6.3404684105859674,0.014268905103956817,14.268905103956817,0.014356722282423516,14.356722282423515
2720,2.7200000000000002,2.817728500882154e-23,2.3515644420410122e-11,23.515644420410123,10,7,0.09559205048947203,0.19147647311546867,10.970793785566528,0.024287974423118561,24.287974423118563,0.024740116888310307,24.740116888310308,18,12,0.055201043240399345,0.11045823221792563,6.328790518563113,0.014243053929957171,14.243053929957171,0.014330387760399972,14.330387760399972
2730,2.73,2.8229033968870937e-23,2.3472535961757603e-11,23.472535961757604,10,7,0.095416812852673172,0.19112438846414301,10.950620821014233,0.02424551281021118,24.245512810211181,0.02469518084737472,24.695180847374719,18,12,0.055099849675487325,0.11025553659662361,6.3171769149367254,0.014217342722994943,14.217342722994943,0.014304197623127325,14.304197623127326
2740,2.7400000000000002,2.8280688237081138e-23,2.3429663714166667e-11,23.429663714166665,10,7,0.095242535423441729,0.19077423893886403,10.930558731017237,0.024203272651277193,24.203272651277192,0.024650488747579736,24.650488747579736,18,12,0.054999210596635366,0.1100539527621304,6.3056270120022004,0.014191770224844571,14.191770224844571,0.014278150556058097,14.278150556058097
2750,2.75,2.8332248331367735e-23,2.3387025528305918e-11,23.387025528305919,10,7,0.095069209464658189,0.19042600687782155,10.910606503628362,0.024161252032481075,24.161252032481073,0.024606038390027302,24.606038390027301,18,12,0.054899120958464595,0.10985347058786513,6.2941402295491944,0.014166335193055195,14.166335193055195,0.014252245261339383,14.252245261339382
2760,2.7599999999999998,2.8383714764942234e-23,2.334461928212477e-11,23.344619282124771,10,7,0.094896826350100674,0.19007967484406457,10.890763139783905,0.024119449063004485,24.119449063004485,0.024561827603465852,24.561827603465851,18,12,0.054799575779635609,0.1096540800759099,6.2827159947392071,0.014141036400697369,14.141036400697368,0.014226480457541249,14.22648045754125
2770,2.77,2.8435088046371682e-23,2.3302442880409812e-11,23.30244288040981,10,7,0.094725377562641502,0.18973522562183329,10.871027653093488,0.024077861874692526,24.077861874692527,0.024517854243844971,24.517854243844969,18,12,0.054700570141807063,0.10945577135491549,6.2713537419855898,0.014115872636114678,14.115872636114679,0.014200854879390495,14.200854879390494
2780,2.7799999999999998,2.8486368679637285e-23,2.3260494254350038e-11,23.260494254350039,10,7,0.094554854692479817,0.18939264221296487,10.851399069634123,0.024036488621706664,24.036488621706663,0.024474116193878924,24.474116193878924,18,12,0.054602099188615111,0.10925853467804875,6.2600529128359401,0.014090842702680245,14.090842702680245,0.014175367277509699,14.175367277509698
2790,2.79,2.853755716419207e-23,2.3218771361110617e-11,23.218771361110619,10,7,0.094385249435409005,0.18905190783337017,10.831876427748337,0.023995327480184098,23.995327480184098,0.024430611362618655,24.430611362618656,18,12,0.054504158124672804,0.10906236042098044,6.2488129558568115,0.014065945418557917,14.065945418557916,0.014150016418161373,14.150016418161373
2800,2.7999999999999998,2.8588653995017682e-23,2.3177272183415019e-11,23.17727218341502,10,7,0.094216553591117955,0.18871300590957951,10.812458777846269,0.02395437664790338,23.954376647903381,0.024387337685032116,24.387337685032115,18,12,0.054406742214589243,0.10886723907991268,6.2376333265206965,0.014041179616468101,14.041179616468101,0.014124801082997141,14.124801082997141
2810,2.8100000000000001,2.8639659662680187e-23,2.3135994729135381e-11,23.13599472913538,10,7,0.094048759061525933,0.18837592007535686,10.793145182211665,0.023913634343956301,23.9136343439563,0.024344293121592756,24.344293121592756,18,13,0.054309846782007933,0.10867316126964514,6.2265134870952252,0.014016544143458111,14.016544143458111,0.014099720068811826,14.099720068811825
2820,2.8199999999999998,2.8690574653385049e-23,2.3094937030890822e-11,23.094937030890822,10,7,0.093881857849149666,0.18804063416838002,10.773934714811675,0.023873098808425752,23.873098808425752,0.024301475657875975,24.301475657875976,18,13,0.0542134672086639,0.10848011772167895,6.2154529065345319,0.013992037860676912,13.992037860676913,0.014074772187302294,14.074772187302294
2830,2.8300000000000001,2.8741399449031196e-23,2.3054097145653598e-11,23.054097145653596,10,7,0.093715842055502416,0.18770713222698557,10.754826461110355,0.02383276830206954,23.832768302069539,0.024258883304163325,24.258883304163326,18,13,0.054117598933459146,0.10828809928235751,6.2044510603727243,0.013967659643154192,13.967659643154192,0.014049956264831012,14.049956264831012
2840,2.8399999999999999,2.8792134527264225e-23,2.3013473154362886e-11,23.013473154362888,10,7,0.093550703879523911,0.18737539848697729,10.73581951788579,0.023792641106009971,23.79264110600997,0.024216514095054341,24.21651409505434,18,13,0.054022237451556071,0.10809709691104351,6.1935074306194409,0.013943408379583641,13.943408379583641,0.014025271142194149,14.02527114219415
2850,2.8500000000000001,2.884278036152879e-23,2.2973063161546018e-11,22.973063161546019,10,7,0.093386435616040708,0.18704541737849611,10.716912993050769,0.023752715521429071,23.752715521429071,0.024174366089085773,24.174366089085773,18,13,0.053927378313488303,0.10790710167833098,6.1826215056574076,0.013919282972110356,13.919282972110356,0.01400071567439415,14.000715674394151
2860,2.8599999999999999,2.8893337421120136e-23,2.293286529494702e-11,22.932865294947021,10,7,0.093223029654256162,0.18671717352295084,10.698106005476923,0.023712989869269407,23.712989869269407,0.024132437368358104,24.132437368358104,18,13,0.053833017124288778,0.10771810476429204,6.1717927801419794,0.013895282336122266,13.895282336122266,0.013976288730416684,13.976288730416684
2870,2.8700000000000001,2.8943806171234826e-23,2.2892877705162274e-11,22.892877705162274,10,7,0.093060478476269401,0.18639065173000777,10.679397684822241,0.023673462489940289,23.673462489940288,0.024090726038169162,24.090726038169162,18,13,0.053739149542634444,0.10753009745675712,6.1610207549026104,0.013871405400045507,13.871405400045507,0.013951989193011844,13.951989193011844
2880,2.8799999999999999,2.899418707302071e-23,2.2853098565283119e-11,22.853098565283119,10,7,0.092898774655622421,0.18606583699463766,10.660787171361875,0.023634131743029245,23.634131743029243,0.02404923022665462,24.049230226654618,18,13,0.053645771280007318,0.10734307114962806,6.1503049368461973,0.013847651105143627,13.847651105143628,0.013927815958479512,13.927815958479512
2890,2.8900000000000001,2.9044480583626066e-23,2.2813526070545297e-11,22.813526070545297,10,7,0.092737910855875183,0.18574271449421989,10.642273615822223,0.023594996007018771,23.594996007018771,0.024007948084435373,24.007948084435373,18,13,0.053552878099871588,0.10715701734122358,6.1396448388622851,0.013824018405320583,13.824018405320583,0.013903767936458832,13.903767936458831
2900,2.8999999999999999,2.9094687156247989e-23,2.2774158437985034e-11,22.774158437985033,10,7,0.092577879829207441,0.18542126958570104,10.623856179218125,0.023556053679008118,23.556053679008116,0.023966877784271465,23.966877784271464,18,13,0.053460465816866275,0.10697192763265605,6.1290399797300594,0.013800506266927403,13.800506266927403,0.013879844049721627,13.879844049721626
2910,2.9100000000000001,2.9144807240180057e-23,2.273499390610162e-11,22.734993906101618,10,7,0.092418674415047225,0.18510148780280769,10.605534032693166,0.023517303174440025,23.517303174440023,0.023926017520722535,23.926017520722535,18,13,0.05336853029601319,0.10678779372623888,6.1184898840270989,0.013777113668572448,13.777113668572447,0.013856043233969741,13.856043233969741
2920,2.9199999999999999,2.9194841280859225e-23,2.2696030734526363e-11,22.696030734526364,10,7,0.092260287538725047,0.18478335485331182,10.587306357363005,0.023478742926832386,23.478742926832386,0.023885365509814616,23.885365509814616,18,13,0.053277067451939816,0.10660460742392427,6.1079940820398644,0.013753839600935212,13.753839600935212,0.013832364437636182,13.832364437636182
2930,2.9300000000000002,2.9244789719912028e-23,2.2657267203697751e-11,22.657267203697749,10,7,0.092102712210153453,0.18446685661634785,10.569172344161638,0.023440371387514657,23.440371387514656,0.023844919988713111,23.844919988713112,18,13,0.053186073248116784,0.10642236062576997,6.09755210967585,0.013730683066583534,13.730683066583534,0.01380880662168997,13.808806621689969
2940,2.9399999999999999,2.9294652995200031e-23,2.2618701614542732e-11,22.618701614542733,10,7,0.091945941522531424,0.1841519791397801,10.551131193690576,0.023402187025368948,23.402187025368949,0.023804679215401879,23.80467921540188,18,13,0.0530955436961097,0.10624104532843517,6.0871635083774063,0.013707643079794243,13.707643079794243,0.013785368759444683,13.785368759444683
2950,2.9500000000000002,2.9344431540864654e-23,2.2580332288163856e-11,22.580332288163856,10,7,0.09178996865107257,0.183838708637619,10.533182116070801,0.023364188326575622,23.364188326575622,0.023764641468368167,23.764641468368168,18,13,0.053005474854844727,0.10606065362370402,6.0768278250371415,0.013684718666377006,13.684718666377005,0.01376204983637049,13.76204983637049
2960,2.96,2.9394125787371236e-23,2.2542157565532349e-11,22.542157565532349,10,7,0.091634786851757508,0.18352703148748642,10.515324330797538,0.0233263737943635,23.326373794363498,0.023724805046293488,23.724805046293486,18,13,0.052915862829888138,0.10588117769703717,6.0665446119149316,0.013661908863501503,13.661908863501504,0.013738848849909741,13.738848849909742
2970,2.9700000000000002,2.944373616155247e-23,2.2504175807186791e-11,22.50417580718679,10,7,0.091480389460108891,0.18321693422812715,10.497557066597679,0.023288741948764319,23.288741948764319,0.023685168267750033,23.685168267750033,18,13,0.052826703772738945,0.10570260982614969,6.056313426556442,0.013639212719527685,13.639212719527686,0.013715764809295917,13.715764809295917
2980,2.98,2.9493263086651213e-23,2.2466385392937379e-11,22.466385392937379,10,7,0.091326769889989334,0.18290840355696714,10.479879561289872,0.023251291326371593,23.251291326371593,0.023645729470902745,23.645729470902744,18,13,0.052737993880134691,0.10552494237961554,6.0461338317131688,0.013616629293839144,13.616629293839145,0.013692796735375923,13.692796735375923
2990,2.9900000000000002,2.954270698236255e-23,2.2428784721575669e-11,22.428784721575667,10,7,0.091173921632421412,0.18260142632771653,10.462291061647193,0.023214020480103591,23.214020480103592,0.023606487013216763,23.606487013216764,18,13,0.052649729393370114,0.10534816781549783,6.0360053952639587,0.013594157656679521,13.594157656679521,0.013669943660435686,13.669943660435687
3000,3,2.959206826487536e-23,2.2391372210589583e-11,22.391372210589584,10,7,0.09102183825442918,0.18229598954801673,10.444790823262327,0.023176927978970491,23.176927978970493,0.023567439271170235,23.567439271170233,19,13,0.052561906597628126,0.10517227868000388,6.0259276901379515,0.013571796888991837,13.571796888991837,0.013647204628028861,13.647204628028861
3010,3.0099999999999998,2.9641347346913114e-23,2.2354146295883702e-11,22.354146295883702,11,7,0.090870513397901212,0.1819920803771311,10.42737811041526,0.023140012407845589,23.140012407845589,0.023528584639972309,23.528584639972308,19,13,0.052474521821323242,0.10499726760616541,6.0159002942389543,0.013549546082260762,13.549546082260761,0.013624578692808753,13.624578692808754
3020,3.02,2.9690544637774217e-23,2.2317105431504576e-11,22.317105431504576,11,7,0.090719940778473868,0.18168968612367697,10.410052195943329,0.023103272367240357,23.103272367240358,0.0234899215332862,23.4899215332862,19,13,0.052387571435456748,0.10482312731254229,6.00592279037118,0.013527404338357663,13.527404338357663,0.013602064920363218,13.602064920363219
3030,3.0299999999999998,2.9739660543371597e-23,2.2280248089371095e-11,22.280248089371096,11,7,0.090570114184435335,0.18138879424339999,10.392812361113702,0.02306670647308354,23.066706473083542,0.023451448382957308,23.451448382957309,19,13,0.052301051852983789,0.10464985060195021,5.9959947661663451,0.013505370769388477,13.505370769388477,0.013579662387052608,13.579662387052608
3040,3.04,2.9788695466271827e-23,2.2243572759009708e-11,22.243572759009709,11,7,0.090421027475649202,0.18108939233698818,10.375657895498135,0.023030313356503882,23.030313356503882,0.023413163638746147,23.413163638746148,19,13,0.052214959528191801,0.1044774303602114,5.9861158140120851,0.013483444497544281,13.48344449754428,0.013557370179850613,13.557370179850613
3050,3.0499999999999998,2.9837649805733591e-23,2.2207077947294417e-11,22.207077947294415,11,7,0.090272674582497617,0.18079146814792585,10.358588096850005,0.022994091663616701,22.9940916636167,0.023375065768066101,23.375065768066101,19,13,0.052129290956090174,0.10430585955492758,5.9762855309816612,0.013461624654954487,13.461624654954486,0.01353518739618797,13.53518739618797
3060,3.0600000000000001,2.988652395774564e-23,2.2170762178191461e-11,22.17076217819146,11,7,0.090125049504843319,0.18049500956038603,10.341602270983564,0.022958040055313992,22.95804005531399,0.023337153255725825,23.337153255725827,19,13,0.052044042671810939,0.10413513123427549,5.9665035187649407,0.013439910383542702,13.439910383542703,0.013513113143799004,13.513113143799004
3070,3.0699999999999998,2.9935318315064131e-23,2.213462399250858e-11,22.13462399250858,11,7,0.089978146311010476,0.18020000459716121,10.32469973165537,0.022922157207058255,22.922157207058255,0.02329942460367625,23.29942460367625,19,13,0.051959211250020135,0.10396523852582361,5.9567693836006015,0.01341830083488507,13.41830083488507,0.013491146540570853,13.491146540570853
3080,3.0800000000000001,2.9984033267249495e-23,2.2098661947648728e-11,22.098661947648729,11,7,0.089831959136783435,0.17990644141763035,10.307879800447809,0.022886441808679624,22.886441808679624,0.023261878330762022,23.261878330762023,19,13,0.051874793304339729,0.10379617463537025,5.9470827362095617,0.013396795170071153,13.396795170071153,0.013469286714395446,13.469286714395446
3090,3.0899999999999999,3.0032669200702665e-23,2.2062874617368248e-11,22.062874617368248,11,7,0.089686482184423766,0.17961430831576333,10.291141806654764,0.022850892564176623,22.850892564176622,0.023224512972477421,23.22451297247742,19,13,0.051790785486779921,0.1036279328458025,5.937443191729602,0.01337539255956726,13.37539255956726,0.013447532803024086,13.447532803024087
3100,3.1000000000000001,3.0081226498700892e-23,2.2027260591539237e-11,22.027260591539235,11,7,0.089541709721704207,0.17932359371815981,10.274485087169239,0.022815508191520135,22.815508191520134,0.023187327080726475,23.187327080726476,19,13,0.051707184487181305,0.10346050651597502,5.9278503696511216,0.013354092183082108,13.354092183082107,0.013425883953924574,13.425883953924574
3110,3.1099999999999999,3.0129705541432938e-23,2.1991818475916213e-11,21.991818475916212,11,7,0.089397636080960199,0.17903428618212383,10.257908986373048,0.022780287422460764,22.780287422460763,0.023150319223587373,23.150319223587374,19,13,0.051623987032667164,0.10329388907960919,5.9183038937540706,0.013332893229434904,13.332893229434903,0.013404339324140922,13.404339324140922
3120,3.1200000000000001,3.0178106706033844e-23,2.1956546891906827e-11,21.956546891906829,11,7,0.089254255658157824,0.17874637439377164,10.241412856028404,0.02274522900233936,22.745229002339361,0.023113487985080904,23.113487985080905,19,13,0.051541189887105224,0.10312807404421132,5.9088033920459599,0.013311794896425663,13.311794896425663,0.013382898080155459,13.38289808015546
3130,3.1299999999999999,3.0226430366619126e-23,2.1921444476346668e-11,21.921444476346668,11,7,0.089111562911978318,0.17845984716617364,10.224996055171454,0.022710331689900755,22.710331689900755,0.023076831964943034,23.076831964943032,19,13,0.051458789850579029,0.10296305499001014,5.8993484967009913,0.013290796390707817,13.290796390707817,0.013361559397753433,13.361559397753433
3140,3.1400000000000001,3.0274676894318542e-23,2.1886509881277949e-11,21.886509881277949,11,7,0.08896955236291848,0.17817469343752834,10.208657950007661,0.022675594257110569,22.675594257110568,0.023040349778401362,23.040349778401364,19,13,0.051376783758868422,0.1027988255689128,5.8899388440002376,0.013269896927662981,13.26989692766298,0.013340322461889903,13.340322461889903
3150,3.1499999999999999,3.0322846657309325e-23,2.1851741773732135e-11,21.851741773732133,11,7,0.088828218592407041,0.17789090226936896,10.192397913809041,0.022641015488975107,22.641015488975107,0.023004040055955497,23.004040055955496,19,13,0.051295168482939281,0.1026353795034792,5.8805740742728734,0.013249095731277916,13.249095731277915,0.013319186466559021,13.319186466559021
3160,3.1600000000000001,3.0370940020848965e-23,2.1817138835516293e-11,21.817138835516293,11,7,0.088687556241936139,0.17760846284480078,10.17621532681318,0.022606594183364193,22.606594183364194,0.022967901443161191,22.967901443161189,19,13,0.051213940928442003,0.10247271058591419,5.8712538318384357,0.013228392034023597,13.228392034023596,0.013298150614665535,13.298150614665536
3170,3.1699999999999999,3.0418957347307542e-23,2.1782699763003186e-11,21.782699763003187,11,7,0.088547560012208065,0.17732736446676939,10.160109576124007,0.022572329150836935,22.572329150836936,0.022931932600418203,22.931932600418204,19,13,0.051133098035218746,0.10231081267707716,5.8619777649500806,0.013207785076736315,13.207785076736315,0.013277214117898532,13.277214117898533
3180,3.1800000000000002,3.0466898996199559e-23,2.1748423266924986e-11,21.748423266924988,11,7,0.088408224662296683,0.17704759655635904,10.144080055614301,0.022538219214470388,22.538219214470388,0.022896132202761821,22.896132202761819,19,13,0.051052636776819212,0.10214967970550903,5.8527455257388254,0.013187274108500865,13.187274108500866,0.013256376196607371,13.256376196607372
3190,3.1899999999999999,3.0514765324215357e-23,2.1714308072170566e-11,21.714308072170567,11,8,0.088269545008823433,0.17676914865112053,10.128126165829876,0.022504263209691008,22.504263209691008,0.022860498939657924,22.860498939657923,19,13,0.050972554160024795,0.1019893056664759,5.8435567701587612,0.013166858386535692,13.166858386535692,0.013235636079679749,13.235636079679749
3200,3.2000000000000002,3.0562556685252071e-23,2.1680352917586254e-11,21.680352917586255,11,8,0.088131515925147369,0.17649201040342768,10.112247313895423,0.022470459984108879,22.470459984108878,0.022825031514801572,22.825031514801573,19,13,0.050892847224380873,0.10182968462102911,5.8344111579331939,0.013146537176079973,13.146537176079974,0.013214993004421841,13.21499300442184
3210,3.21,3.0610273430444168e-23,2.1646556555780014e-11,21.646556555780013,11,8,0.087994132340569145,0.17621617157886216,10.096442913421971,0.022436808397354624,22.436808397354625,0.022789728645918984,22.789728645918984,19,13,0.050813513041737118,0.10167081069508146,5.82530835250172,0.013126309750282627,13.126309750282626,0.013194446216440501,13.194446216440502
3220,3.2200000000000002,3.0657915908193538e-23,2.1612917752928981e-11,21.612917752928983,11,8,0.087857389239548694,0.1759416220546261,10.08071238441592,0.022403307320918994,22.403307320918994,0.022754589064572894,22.754589064572894,19,13,0.050734548715795726,0.10151267807849941,5.8162480209682075,0.013106175390093195,13.106175390093195,0.013173994969527482,13.173994969527483
3230,3.23,3.0705484464199165e-23,2.1579435288590276e-11,21.579435288590275,11,8,0.087721281660936068,0.17566835181798174,10.065055153189656,0.022369955637995056,22.369955637995055,0.022719611515971204,22.719611515971202,19,13,0.050655951381667313,0.10135528102421057,5.8072298340496653,0.013086133384154564,13.086133384154564,0.01315363852554562,13.15363852554562
3240,3.2400000000000002,3.0752979441486422e-23,2.1546107955515004e-11,21.546107955515005,11,8,0.087585804697215455,0.17539635096471765,10.049470652273666,0.022336752243322912,22.336752243322913,0.022684794758778853,22.684794758778853,19,13,0.050577718205434274,0.1011986138473263,5.798253466025967,0.013066183028697442,13.066183028697441,0.01313337615431691,13.13337615431691
3250,3.25,3.0800401180435891e-23,2.1512934559465458e-11,21.512934559465457,11,8,0.087450953493762015,0.1751256096976409,10.033958320330145,0.022303696043036947,22.303696043036947,0.02265013756493282,22.65013756493282,19,14,0.050499846383721729,0.10104267092427953,5.789318594690454,0.013046323627436664,13.046323627436664,0.013113207133512545,13.113207133512544
3260,3.2599999999999998,3.0847750018811855e-23,2.1479913919035357e-11,21.479913919035358,11,8,0.087316723248111197,0.17485611832509512,10.018517602068084,0.022270785954515548,22.270785954515549,0.02261563871946029,22.615638719460289,19,14,0.050422333143275481,0.1008874466919767,5.7804249013013438,0.01302655449146917,13.02655449146917,0.013093130748544729,13.093130748544729
3270,3.27,3.0895026291790348e-23,2.1447044865473143e-11,21.447044865473142,11,8,0.087183109209240411,0.17458786725950309,10.003147948159773,0.022238020906233197,22.238020906233196,0.022581297020299793,22.581297020299793,19,14,0.050345175740547282,0.10073293564696441,5.771572070533983,0.013006874939173707,13.006874939173708,0.013073146292460374,13.073146292460374
3280,3.2799999999999998,3.0942230331986853e-23,2.1414326242508224e-11,21.414326242508224,11,8,0.087050106676862693,0.17432084701593406,9.9878488151587117,0.022205399837614933,22.205399837614934,0.022547111278125326,22.547111278125328,19,14,0.050268371461286904,0.10057913234460963,5.7627597904338801,0.012987284296112173,12.987284296112174,0.013053253065836509,13.053253065836509
3290,3.29,3.0989362469483576e-23,2.1381756906180136e-11,21.381756906180136,11,8,0.086917711000732242,0.17405504821069526,9.9726196654189092,0.022172921698893171,22.17292169889317,0.022513080316173443,22.513080316173443,19,14,0.050191917620141163,0.10042603139829417,5.7539877523705458,0.01296778189493261,12.96778189493261,0.013033450376677512,13.033450376677512
3300,3.2999999999999998,3.1036423031856415e-23,2.1349335724670549e-11,21.349335724670549,11,8,0.086785917579961569,0.17379046155994679,9.9574599670155202,0.022140585450966796,22.140585450966796,0.022479202970073185,22.479202970073185,19,14,0.050115811560259502,0.10027362747862202,5.74525565099208,0.012948367075273769,12.948367075273769,0.013013737540313968,13.013737540313969
3310,3.3100000000000001,3.1083412344201492e-23,2.1317061578138063e-11,21.317061578138063,11,8,0.086654721862349834,0.1735270778783394,9.9423691936667993,0.022108390065262402,22.108390065262402,0.022445478087678737,22.445478087678737,19,14,0.050040050652906246,0.10012191531264029,5.7365631841805387,0.012929039183671259,12.929039183671259,0.012994113879303276,12.994113879303276
3320,3.3199999999999998,3.1130330729161355e-23,2.1284933358555761e-11,21.284933358555762,11,8,0.086524119343722602,0.17326488807767559,9.9273468246573877,0.022076334523597908,22.076334523597907,0.022411904528905003,22.411904528905001,20,14,0.049964632297079245,0.09997088968307305,5.7279100530080296,0.012909797573465231,12.90979757346523,0.012974578723331865,12.974578723331865
3330,3.3300000000000001,3.1177178506950845e-23,2.1252949969551415e-11,21.252949969551416,11,8,0.086394105567282165,0.17300388316559182,9.9123923447628037,0.022044417818048081,22.044417818048082,0.022378481165565674,22.378481165565674,20,14,0.049889553919134771,0.099820545427567506,5.7192959616935255,0.012890641604709549,12.890641604709549,0.012955131409119011,12.95513140911901
3340,3.3399999999999999,3.1223955995382582e-23,2.1221110326250354e-11,21.221110326250354,11,8,0.086264676122968911,0.17274405424426373,9.8975052441752673,0.022012638950812416,22.012638950812416,0.02234520688121415,22.34520688121415,20,14,0.049814812972418666,0.099670877437953026,5.7107206175604084,0.012871570644082467,12.871570644082468,0.012935771280322268,12.935771280322268
3350,3.3500000000000001,3.1270663509892115e-23,2.1189413355120906e-11,21.189413355120905,11,8,0.086135826646832947,0.17248539250913161,9.8826850184306654,0.021980996934084916,21.980996934084917,0.022312080570986867,22.312080570986868,20,14,0.049740406936903535,0.099521880659512132,5.7021837309946992,0.012852584064798719,12.85258406479872,0.012916497687444427,12.916497687444426
3360,3.3599999999999999,3.1317301363562738e-23,2.1157857993822365e-11,21.157857993822365,11,8,0.086007552820416111,0.17222788924764762,9.8679311683367796,0.021949490789925995,21.949490789925996,0.022279101141449327,22.279101141449328,20,14,0.049666333318831843,0.099373550090263454,5.6936850154039771,0.012833681246523071,12.833681246523071,0.012897309987741998,12.897309987741998
3370,3.3700000000000001,3.1363869867149983e-23,2.1126443191055451e-11,21.126443191055451,11,8,0.085879850370144103,0.17197153583804287,9.8532431999026393,0.021918119550136356,21.918119550136357,0.022246267510444506,22.246267510444508,20,14,0.049592589650364907,0.099225880780256473,5.685224187176968,0.012814861575285229,12.81486157528523,0.012878207545135195,12.878207545135195
3380,3.3799999999999999,3.1410369329105772e-23,2.1095167906415186e-11,21.095167906415185,11,8,0.08575271506672838,0.17171632374811507,9.8386206242690637,0.021886882256132802,21.886882256132804,0.022213578606943774,22.213578606943774,20,14,0.049519173489237518,0.099078867830877673,5.6768009656437926,0.012796124443396137,12.796124443396137,0.012859189730119354,12.859189730119354
3390,3.3900000000000001,3.1456800055602267e-23,2.1064031110246183e-11,21.064031110246184,11,8,0.085626142724577969,0.17146224453403575,9.8240629576403169,0.021855777958826032,21.855777958826032,0.022181033370900213,22.181033370900213,20,14,0.049446082418418268,0.098932506394168063,5.6684150730368605,0.012777469249365611,12.777469249365611,0.012840255919677827,12.840255919677826
3400,3.3999999999999999,3.1503162350555362e-23,2.103303178350027e-11,21.03303178350027,11,8,0.085500129201220604,0.17120928983917683,9.8095697212168815,0.021824805718500258,21.824805718500258,0.022148630753104265,22.148630753104264,20,14,0.049373314045775281,0.098786791672151625,5.6600662344523966,0.012758895397821275,12.758895397821275,0.012821405497196244,12.821405497196244
3410,3.4100000000000001,3.1549456515647919e-23,2.10021689175964e-11,21.0021689175964,11,8,0.085374670396733326,0.17095745139295618,9.7951404411293055,0.021793964604694755,21.793964604694754,0.0221163697150417,22.116369715041699,20,14,0.049300866003747418,0.098641718916174792,5.6517541778125926,0.012740402299428822,12.740402299428821,0.012802637852378179,12.802637852378179
3420,3.4199999999999999,3.1595682850352658e-23,2.0971441514282835e-11,20.971441514282834,11,8,0.085249762253182246,0.17070672100970186,9.7807746483731357,0.021763253696087146,21.763253696087148,0.022084249228753884,22.084249228753883,20,14,0.04922873594902074,0.098497283426256424,5.6434786338283658,0.012721989370813508,12.721989370813509,0.012783952381162169,12.78395238116217
3430,3.4300000000000002,3.1641841651954762e-23,2.094084858550152e-11,20.94084858550152,11,8,0.085125400754071212,0.17045709058753467,9.7664718787448859,0.021732672080378577,21.732672080378578,0.022052268276700229,22.052268276700229,20,14,0.049156921562210139,0.09835348055044825,5.6352393359627131,0.012703656034482905,12.703656034482906,0.012765348485640047,12.765348485640047
3440,3.4399999999999999,3.1687933215574178e-23,2.0910389153254648e-11,20.910389153254648,11,8,0.085001581923799377,0.17020855210726832,9.752231672779029,0.021702218854180538,21.702218854180536,0.022020425851622848,22.02042585162285,20,14,0.049085420547546117,0.098210305684205579,5.6270360203946588,0.012685401718750872,12.685401718750873,0.012746825573976587,12.746825573976587
3450,3.4500000000000002,3.1733957834187645e-23,2.0880062249473333e-11,20.880062249473333,11,8,0.084878301827127356,0.16996109763132761,9.7380535756860045,0.021671893122903498,21.671893122903498,0.021988720956413337,21.988720956413339,20,14,0.049014230632566505,0.098067754269768034,5.6188684259837665,0.012667225857662725,12.667225857662725,0.012728383060330433,12.728383060330433
3460,3.46,3.177991579865041e-23,2.084986691588839e-11,20.849866915888391,11,8,0.084755556568651982,0.16971471930268359,9.723937137291216,0.02164169400064719,21.641694000647192,0.021957152603981699,21.957152603981697,20,14,0.04894334956781312,0.097925821795550136,5.6107362942352319,0.012649127890921569,12.649127890921569,0.012710020364776269,12.71002036477627
3470,3.4700000000000002,3.1825807397717659e-23,2.0819802203903172e-11,20.819802203903173,11,8,0.084633342292289304,0.1694694093438058,9.7098819119749908,0.021611620610092593,21.611620610092594,0.021925719817127289,21.925719817127288,20,14,0.048872775126533263,0.097784503795541711,5.6026393692655194,0.012631107263815822,12.631107263815823,0.012691736913228247,12.691736913228247
3480,3.48,3.1871632918065714e-23,2.078986717446837e-11,20.78986717446837,11,8,0.084511655180765727,0.16922516005563101,9.6958874586135,0.021581672082395503,21.581672082395503,0.021894421628411799,21.894421628411799,20,14,0.048802505104385843,0.097643795848717435,5.5945773977685374,0.012613163427147814,12.613163427147814,0.012673532137364578,12.673532137364578
3490,3.4900000000000002,3.1917392644312916e-23,2.0760060897958849e-11,20.760060897958848,11,8,0.084390491455117261,0.16898196381654809,9.6819533405205949,0.02155184755708173,21.551847557081729,0.021863257080034223,21.863257080034224,20,14,0.048732537319152225,0.097503693578456105,5.5865501289823616,0.012595295837163538,12.595295837163537,0.012655405474553358,12.655405474553358
3500,3.5,3.196308685904023e-23,2.0730382454052385e-11,20.730382454052386,11,8,0.084269847374196682,0.16873981308139954,9.6680791253905927,0.021522146181943907,21.522146181943906,0.021832225223707823,21.832225223707823,20,14,0.048662869610451603,0.097364192651968814,5.5785573146564751,0.012577503955483493,12.577503955483493,0.012637356367779531,12.637356367779532
3510,3.5099999999999998,3.2008715842811633e-23,2.0700830931610308e-11,20.700830931610309,11,8,0.084149719234188236,0.16849870038049783,9.654264385241925,0.021492567112939787,21.492567112939788,0.021801325120538912,21.801325120538912,20,14,0.048593499839460812,0.097225288779736088,5.5705987090195155,0.012559787249034567,12.559787249034567,0.01261938426557299,12.61938426557299
3520,3.52,3.2054279874194188e-23,2.0671405428560021e-11,20.671405428560021,11,8,0.08403010336813016,0.16825861831865785,9.6405086963616942,0.02146310951409211,21.46310951409211,0.021770555840907622,21.770555840907623,20,14,0.048524425888638548,0.097086977714954031,5.5626740687475431,0.012542145189983011,12.542145189983012,0.012601488621937825,12.601488621937825
3530,3.5299999999999998,3.2099779229777903e-23,2.0642105051779341e-11,20.642105051779343,11,8,0.083910996145444464,0.16801955957424414,9.626811639251093,0.02143377255738993,21.433772557389929,0.021739916464350452,21.739916464350451,20,14,0.048455645661453849,0.096949255252988795,5.5547831529327842,0.012524577255668402,12.524577255668401,0.012583668896282638,12.583668896282637
3540,3.54,3.2145214184195304e-23,2.0612928916982643e-11,20.612928916982643,11,8,0.083792393971474144,0.16778151689823309,9.6131727985716591,0.021404555422691447,21.404555422691448,0.021709406079444653,21.709406079444651,20,14,0.048387157082118874,0.09681211723083992,5.5469257230528823,0.012507082928538665,12.507082928538665,0.012565924553351976,12.565924553351977
3550,3.5499999999999998,3.219058501014079e-23,2.0583876148608768e-11,20.583876148608766,11,8,0.083674293287027496,0.16754448311328965,9.5995917630923877,0.021375457297628242,21.375457297628241,0.021679023783694382,21.679023783694383,20,14,0.048318958095325742,0.096675559526611637,5.5391015429406059,0.012489661696086056,12.489661696086056,0.012548255063158787,12.548255063158786
3560,3.5600000000000001,3.2235891978389727e-23,2.0554945879710663e-11,20.554945879710662,11,8,0.083556690567929512,0.16730845111285839,9.586068125637647,0.021346477377510956,21.346477377510954,0.021648768683418609,21.648768683418609,20,14,0.048251046665987472,0.096539578058992603,5.5313103787540401,0.012472313050784136,12.472313050784136,0.012530659900917949,12.53065990091795
3570,3.5699999999999998,3.2281135357817286e-23,2.052613725184673e-11,20.52613725184673,11,8,0.083439582324580194,0.16707341386026855,9.5726014830358999,0.021317614865236371,21.317614865236372,0.02161863989364074,21.61863989364074,20,14,0.048183420778982931,0.096404168786743544,5.523551998947231,0.012455036490025705,12.455036490025705,0.012513138546980794,12.513138546980795
3580,3.5800000000000001,3.2326315415417074e-23,2.0497449414973822e-11,20.497449414973822,12,8,0.083322965101519597,0.16683936438785299,9.5591914360692236,0.021288868971195807,21.288868971195807,0.021588636537979926,21.588636537979927,20,14,0.048116078438905682,0.096269327708192784,5.5158261742412806,0.012437831516061669,12.437831516061669,0.012495690486770664,12.495690486770664
3590,3.5899999999999999,3.2371432416319513e-23,2.0468881527341924e-11,20.468881527341924,12,8,0.083206835476999683,0.16660629579608058,9.5458375894236074,0.021260238913184935,21.260238913184935,0.021558757748544009,21.558757748544011,20,14,0.048049017669816722,0.096135050860739674,5.5081326775958956,0.012420697635940857,12.420697635940856,0.01247831521071944,12.47831521071944
3600,3.6000000000000001,3.2416486623809988e-23,2.0440432755390386e-11,20.440432755390386,12,8,0.083091190062562534,0.16637420125270194,9.5325395516399958,0.021231723916314872,21.231723916314873,0.021529002665824134,21.529002665824134,20,14,0.047982236515000901,0.09600133432036527,5.5004712841813515,0.012403634361450712,12.403634361450711,0.012461012214205019,12.461012214205018
3610,3.6099999999999999,3.2461478299346779e-23,2.0412102273645795e-11,20.412102273645797,12,8,0.082976025502625173,0.1661430739919082,9.5192969350660945,0.021203323212924573,21.203323212924573,0.021499370438590903,21.499370438590905,20,14,0.047915733036727214,0.095868174201150916,5.4928417713509097,0.012386641209058904,12.386641209058904,0.012443780997489785,12.443780997489785
3620,3.6200000000000001,3.2506407702578766e-23,2.0383889264621347e-11,20.383889264621349,12,8,0.082861338474070512,0.16591290731350256,9.5061093558089063,0.021175036042494506,21.175036042494504,0.021469860223792128,21.469860223792129,20,14,0.04784950531601255,0.095735566654803719,5.4852439186136301,0.012369717699855804,12.369717699855805,0.012426621065659968,12.426621065659967
3630,3.6299999999999999,3.2551275091362891e-23,2.0355792918717804e-11,20.355792918717803,12,8,0.082747125685844719,0.16568369458208451,9.4929764336879856,0.021146861651561582,21.146861651561583,0.02144047118645212,21.440471186452122,20,14,0.04778355145238921,0.095603507870189661,5.4776775076076172,0.012352863359497835,12.352863359497835,0.012409531928565965,12.409531928565965
3640,3.6400000000000001,3.259608072178145e-23,2.0327812434125885e-11,20.327812434125885,12,8,0.082633383878560493,0.16545542922624645,9.4798977921894139,0.021118799293635335,21.118799293635334,0.021411202499572502,21.411202499572504,20,14,0.047717869563675783,0.095471994072873351,5.470142322073654,0.01233607771815164,12.336077718151639,0.012392513100763513,12.392513100763512
3650,3.6499999999999999,3.2640824848159128e-23,2.0299947016730173e-11,20.299947016730172,12,8,0.082520109824106389,0.16522810473778218,9.4668730584204415,0.021090848229115281,21.090848229115281,0.021382053344034459,21.38205334403446,20,14,0.047652457785751577,0.095341021524665018,5.4626381478292423,0.012319360310439119,12.319360310439119,0.012375564101455792,12.375564101455792
3660,3.6600000000000001,3.2685507723079852e-23,2.0272195880014453e-11,20.272195880014454,12,8,0.082407300325262001,0.16500171467090771,9.4539018630648499,0.021063007725209498,21.063007725209498,0.021353022908502512,21.353022908502513,21,14,0.047587314272334397,0.095210586523174198,5.4551647727430366,0.012302710675383254,12.302710675383254,0.012358684454436364,12.358684454436364
3670,3.6699999999999999,3.2730129597403413e-23,2.0244558244968476e-11,20.244558244968477,12,8,0.082294952215319003,0.16477625264149351,9.4409838403389603,0.021035277055854357,21.035277055854358,0.02132411038932968,21.324110389329679,21,14,0.04752243719476168,0.095080685401370213,5.4477219867096531,0.01228612835635476,12.286128356354761,0.012341873688032988,12.341873688032988
3680,3.6800000000000002,3.277469072028191e-23,2.0217033339996094e-11,20.217033339996096,12,8,0.082183062357707698,0.1645517123263083,9.4281186279483116,0.021007655501635417,21.007655501635416,0.02129531499046405,21.29531499046405,21,14,0.047457824741774866,0.094951314527149028,5.4403095816248612,0.012269612901019491,12.269612901019491,0.012325131335052253,12.325131335052253
3690,3.6899999999999999,3.2819191339175972e-23,2.0189620400824806e-11,20.189620400824808,12,8,0.08207162764562928,0.16432808746227437,9.4153058670449798,0.020980142349709463,20.980142349709464,0.021266635923356772,21.266635923356773,21,14,0.047393475119307055,0.094822470302906844,5.4329273513611467,0.012253163861286663,12.253163861286662,0.012308456932725058,12.308456932725058
3700,3.7000000000000002,3.2863631699870805e-23,2.0162318670416602e-11,20.162318670416603,12,8,0.081960645001693491,0.16410537184573359,9.4025452021855394,0.020952736893727612,20.952736893727611,0.021238072406871363,21.238072406871364,21,14,0.04732938655027371,0.094694149165119798,5.4255750917436325,0.012236780793257795,12.236780793257795,0.012291850022652874,12.291850022652874
3710,3.71,3.2908012046492012e-23,2.0135127398880168e-11,20.135127398880169,12,8,0.081850111377561652,0.16388355933172474,9.3898362812896465,0.020925438433759568,20.925438433759567,0.021209623667194377,21.209623667194375,21,14,0.047265557274366592,0.094566347583930052,5.4182526005263618,0.012220463257176446,12.220463257176446,0.012275310150754833,12.275310150754834
3720,3.7200000000000002,3.295233262152125e-23,2.0108045843384384e-11,20.108045843384385,12,8,0.081740023753595042,0.16366264383327134,9.3771787555992372,0.020898246276218925,20.898246276218924,0.02118128893774739,21.181288937747389,21,14,0.047201985547850663,0.094439062062737986,5.4109596773689335,0.012204210817378635,12.204210817378636,0.012258836867215567,12.258836867215567
3730,3.73,3.2996593665811686e-23,2.0081073268073064e-11,20.081073268073062,12,8,0.081630379138508374,0.16344261932067999,9.3645722796383293,0.020871159733789522,20.871159733789522,0.021153067459100224,21.153067459100225,21,15,0.047138669643363995,0.094312289137800334,5.4036961238134769,0.012188023042244034,12.188023042244033,0.012242429726433836,12.242429726433835
3740,3.7400000000000002,3.3040795418603257e-23,2.0054208943981004e-11,20.054208943981003,12,8,0.081521174569028465,0.16322347982084925,9.3520165111734208,0.020844178125352865,20.844178125352865,0.021124958478885531,21.124958478885532,21,15,0.04707560784972066,0.09418602537783434,5.3964617432619724,0.012171899504147822,12.171899504147822,0.012226088286971904,12.226088286971905
3750,3.75,3.3084938117537774e-23,2.0027452148951218e-11,20.027452148951216,12,8,0.081412407109557786,0.16300521941658844,9.3395111111744562,0.020817300775916536,20.817300775916536,0.021096961251714542,21.096961251714543,21,15,0.047012798471716473,0.09406026738362766,5.3892563409538994,0.012155839779413284,12.155839779413284,0.012209812111505649,12.209812111505649
3760,3.7599999999999998,3.3129021998673823e-23,2.0000802167553411e-11,20.00080216755341,12,8,0.081304073851843128,0.16278783224594665,9.3270557437763912,0.020790527016543655,20.790527016543656,0.021069075039094057,21.069075039094056,21,15,0.046950239829937582,0.093935011787654024,5.382079723944214,0.012139843448265067,12.139843448265067,0.012193600766775418,12.193600766775418
3770,3.77,3.3173047296501479e-23,1.9974258291003622e-11,19.974258291003622,12,8,0.081196171914648854,0.16257131250155138,9.3146500762412909,0.020763856184283266,20.763856184283267,0.021041299109344679,21.041299109344678,21,15,0.046887930260571878,0.09381025525369445,5.3749317010816497,0.012123910094783107,12.123910094783106,0.01217745382353758,12.177453823537579
3780,3.7799999999999998,3.3217014243956885e-23,1.9947819817085065e-11,19.947819817085065,12,8,0.081088698443435206,0.16235565442995703,9.3022937789210047,0.020737287622101773,20.737287622101771,0.021013632737520174,21.013632737520176,21,15,0.04682586811522315,0.093685994476464043,5.3678120829873324,0.01210803930685724,12.10803930685724,0.012161370856516798,12.161370856516799
3790,3.79,3.3260923072436585e-23,1.9921486050070095e-11,19.921486050070094,12,8,0.08098165061004102,0.16214085233100275,9.2899865252203746,0.020710820678815276,20.710820678815278,0.020986075205328057,20.986075205328056,21,15,0.046764051760727919,0.093562226181244254,5.3607206820337092,0.01209223067614246,12.09223067614246,0.012145351444358981,12.145351444358981
3800,3.7999999999999998,3.3304774011811798e-23,1.9895256300643303e-11,19.895256300643304,12,8,0.080875025612371143,0.16192690055717945,9.2777279915609618,0.020684454709022852,20.684454709022852,0.02095862580105122,20.95862580105122,21,15,0.046702479578974887,0.09343894712352023,5.3536573123237732,0.012076483798014792,12.076483798014792,0.012129395169584911,12.129395169584912
3810,3.8100000000000001,3.3348567290442402e-23,1.9869129885825743e-11,19.869129885825743,12,8,0.080768820674088374,0.1617137935130063,9.2655178573453316,0.02065818907304081,20.658189073040809,0.020931283819470809,20.93128381947081,21,15,0.046641149966727094,0.093316154088623773,5.3466217896706034,0.012060798271527831,12.060798271527831,0.012113501618544574,12.113501618544573
3820,3.8199999999999998,3.3392303135190825e-23,1.9843106128900245e-11,19.843106128900246,12,8,0.080663033044309926,0.16150152565441625,9.2533558049218421,0.020632023136837808,20.632023136837809,0.020904048561790133,20.904048561790134,21,15,0.046580061335446579,0.093193843891381176,5.3396139315771896,0.012045173699369879,12.045173699369879,0.012097670381372095,12.097670381372096
3830,3.8300000000000001,3.3435981771435768e-23,1.9817184359337778e-11,19.817184359337777,12,8,0.080557659997308032,0.16129009148814988,9.2412415195499111,0.020605956271970882,20.605956271970882,0.020876919335559643,20.876919335559645,21,15,0.04651921211112154,0.093072013375766205,5.3326335572165489,0.012029609687821697,12.029609687821697,0.012081901051941358,12.081901051941358
3840,3.8399999999999999,3.3479603423085754e-23,1.9791363912724887e-11,19.791363912724886,12,8,0.080452698832214981,0.16107948557115848,9.2291746893658217,0.020579987855522335,20.579987855522333,0.020849895454603019,20.849895454603018,21,15,0.046458600734095974,0.092950659414558018,5.325680487412126,0.012014105846714841,12.014105846714841,0.012066193227822247,12.066193227822247
3850,3.8500000000000001,3.3523168312592492e-23,1.9765644130692184e-11,19.765644130692184,12,8,0.080348146872732451,0.16086970251001562,9.2171550053490012,0.020554117270037569,20.554117270037569,0.020822976238944319,20.822976238944321,21,15,0.046398225658901837,0.09282977890900411,5.3187545446184794,0.011998661789390623,11.998661789390622,0.012050546510237507,12.050546510237508
3860,3.8599999999999999,3.3566676660964155e-23,1.9740024360843815e-11,19.740024360843815,12,8,0.080244001466844767,0.16066073696033673,9.2051821612887696,0.020528343903463649,20.52834390346365,0.020796161014736074,20.796161014736075,21,15,0.046338085354093457,0.092709368788487873,5.3118555529022373,0.011983277132659604,11.983277132659603,0.012034960504020231,12.034960504020232
3870,3.8700000000000001,3.3610128687778413e-23,1.9714503956687987e-11,19.714503956687988,12,8,0.080140259986536524,0.16045258362620762,9.1932558537515945,0.020502667149088834,20.502667149088833,0.020769449114188536,20.769449114188536,21,15,0.046278178302084472,0.092589426010201106,5.304983337923332,0.011967951496761699,11.9679514967617,0.012019434817571945,12.019434817571945
3880,3.8799999999999999,3.3653524611195417e-23,1.9689082277568408e-11,19.68908227756841,12,8,0.080036919827513847,0.16024523725962037,9.1813757820487734,0.020477086405482823,20.477086405482822,0.020742839875499772,20.742839875499772,21,15,0.046218502998986874,0.092469947558820903,5.2981377269164875,0.011952684505326806,11.952684505326806,0.012003969062821269,12.00396906282127
3890,3.8900000000000001,3.3696864647970531e-23,1.9663758688596774e-11,19.663758688596776,12,8,0.079933978408929962,0.16003869265991783,9.1695416482045982,0.020451601076437901,20.4516010764379,0.020716332642786859,20.71633264278686,21,15,0.04615905795445252,0.092350930446191387,5.291318548672983,0.011937475785336014,11.937475785336014,0.011988562855183195,11.988562855183195
3900,3.8999999999999999,3.3740149013466972e-23,1.9638532560586155e-11,19.638532560586153,12,8,0.079831433173114447,0.15983294467324569,9.1577531569249704,0.020426210570910826,20.426210570910825,0.020689926766017986,20.689926766017987,21,15,0.046099841691516791,0.092232371711009786,5.2845256335226685,0.011922324967083337,11.922324967083338,0.011973215813518907,11.973215813518907
3910,3.9100000000000001,3.3783377921668318e-23,1.9613403269985342e-11,19.613403269985341,12,8,0.079729281585306261,0.15962798819201227,9.1460100155664428,0.020400914302965523,20.400914302965525,0.020663621600945516,20.663621600945515,21,15,0.046040852746444462,0.092114268418516998,5.2777588133162325,0.011907231684137983,11.907231684137983,0.011957927560096202,11.957927560096202
3920,3.9199999999999999,3.3826551585190834e-23,1.9588370198814101e-11,19.588370198814101,12,8,0.079627521133390639,0.159423818154356,9.1343119341057122,0.020375711691716567,20.375711691716567,0.020637416509039969,20.637416509039969,21,15,0.045982089668577697,0.091996617660192362,5.2710179214077169,0.011892195573307144,11.892195573307145,0.011942697720550408,11.942697720550408
3930,3.9300000000000002,3.386967021529567e-23,1.9563432734599352e-11,19.563432734599353,12,8,0.079526149327639628,0.15922042954362037,9.1226586251095316,0.020350602161273407,20.350602161273407,0.020611310857424972,20.611310857424971,21,15,0.045923551020186269,0.091879416553452928,5.2643027926372854,0.011877216274599313,11.877216274599313,0.011927525923845904,11.927525923845904
3940,3.9399999999999999,3.3912734021900926e-23,1.9538590270312231e-11,19.538590270312231,12,8,0.079425163700456214,0.15901781738783619,9.1110498037050505,0.020325585140685339,20.325585140685337,0.020585304018813051,20.585304018813051,21,15,0.045865235376319785,0.091762662241356749,5.2576132633142212,0.01186229343118809,11.862293431188091,0.011912411802238156,11.912411802238156
3950,3.9500000000000002,3.3955743213593584e-23,1.9513842204306015e-11,19.513842204306016,12,8,0.079324561806122004,0.15881597675921097,9.0994851875505578,0.020300660063887241,20.300660063887239,0.020559395371442322,20.559395371442321,21,15,0.045807141324662001,0.091646351892310421,5.2509491712001726,0.011847426689376508,11.847426689376508,0.011897354991236267,11.897354991236268
3960,3.96,3.3998697997641275e-23,1.9489187940254937e-11,19.489187940254936,12,8,0.079224341220548514,0.15861490277362572,9.0879644968066486,0.020275826369645995,20.275826369645994,0.020533584299014113,20.533584299014112,21,15,0.045749267465387169,0.091530482699780633,5.2443103554926269,0.011832615698561833,11.832615698561833,0.011882355129566076,11.882355129566076
3970,3.9700000000000002,3.404159858000395e-23,1.9464626887093829e-11,19.464626887093829,12,8,0.079124499541031817,0.15841459059013849,9.0764874541077809,0.020251083501507675,20.251083501507676,0.02050787019063138,20.50787019063138,21,15,0.045691612411018379,0.091415051882009726,5.2376966568086107,0.011817860111200841,11.817860111200842,0.011867411859133736,11.867411859133735
3980,3.98,3.4084445165345399e-23,1.9440158458958601e-11,19.440158458958599,12,8,0.079025034386010565,0.15821503541049473,9.0650537845342178,0.020226430907745386,20.226430907745385,0.020482252440737984,20.482252440737984,21,15,0.045634174786287791,0.091300056681735117,5.2311079171686137,0.011803159582775592,11.803159582775592,0.011852524824989804,11.852524824989803
3990,3.9900000000000002,3.4127237957044627e-23,1.9415782075127562e-11,19.415782075127563,12,8,0.078925943394827475,0.15801623247864474,9.0536632155843861,0.020201868041307837,20.201868041307836,0.020456730449058831,20.456730449058831,21,15,0.04557695322799897,0.091185494365912931,5.2245439799807576,0.011788513771759671,11.788513771759671,0.011837693675293864,11.837693675293863
4000,4,3.4169977157207135e-23,1.9391497159963504e-11,19.391497159963503,12,8,0.078827224227493914,0.15781817708026741,9.042315477147584,0.020177394359768574,20.177394359768574,0.02043130362054079,20.431303620540792,21,15,0.045519946384890854,0.091071362225444832,5.2180046900251416,0.011773922339584839,11.773922339584839,0.011822918061279558,11.822918061279557
4010,4.0099999999999998,3.421266296667606e-23,1.9367303142856632e-11,19.367303142856631,12,8,0.078728874564457846,0.15762086454230068,9.0310103014770746,0.020153009325275872,20.153009325275871,0.020405971365294442,20.405971365294441,21,15,0.04546315291750383,0.090957657574909173,5.2114898934384382,0.01175938495060821,11.75938495060821,0.011808197637220167,11.808197637220166
4020,4.0199999999999996,3.4255295585043166e-23,1.9343199458168242e-11,19.343199458168243,12,8,0.078630892106374958,0.15742429023247856,9.0197474231635706,0.020128712404503341,20.128712404503339,0.020380733098536608,20.380733098536609,22,15,0.045406571498047513,0.090844377752295577,5.2049994376986888,0.011744901272079819,11.744901272079819,0.011793532060394624,11.793532060394623
4030,4.0300000000000002,3.4297875210659742e-23,1.9319185545175186e-11,19.319185545175184,12,9,0.078533274573882858,0.15722844955887427,9.0085265791090468,0.020104503068601117,20.104503068601119,0.020355588240533674,20.355588240533674,22,15,0.045350200810270386,0.090731520118743192,5.1985331716103031,0.011730470974110665,11.730470974110665,0.011778920991054018,11.778920991054019
4040,4.04,3.4340402040647369e-23,1.929526084801507e-11,19.295260848015069,12,9,0.078436019707378318,0.15703333796944971,8.9973475085009298,0.020080380793147719,20.080380793147718,0.020330536216545663,20.330536216545664,22,15,0.045294039549331151,0.090619082058282396,5.1920909452892623,0.011716093729641129,11.716093729641129,0.011764364092388509,11.76436409238851
4050,4.0499999999999998,3.4382876270908581e-23,1.9271424815632224e-11,19.271424815632223,12,9,0.078339125266797649,0.15683895095161099,8.9862099527866359,0.020056345058102571,20.056345058102572,0.020305576456771061,20.30557645677106,22,15,0.045238086421671882,0.090507060977580198,5.185672610148532,0.011701769214409883,11.701769214409882,0.011749861030494741,11.74986103049474
4060,4.0599999999999996,3.4425298096137356e-23,1.9247676901724401e-11,19.2476769017244,12,9,0.078242589031399995,0.15664528403177025,8.9751136556484639,0.020032395347759083,20.032395347759085,0.02028070839629242,20.280708396292422,22,15,0.04518234014489296,0.090395454305689113,5.1792780188836716,0.011687497106923191,11.687497106923191,0.011735411474343673,11.735411474343673
4070,4.0700000000000003,3.4467667709829574e-23,1.9224016564690162e-11,19.22401656469016,12,9,0.078146408799553493,0.15645233277491308,8.9640583629788022,0.020008531150698387,20.008531150698389,0.020255931475022644,20.255931475022646,22,15,0.045126799447629484,0.090284259493799077,5.1729070254586214,0.011673277088424579,11.67327708842458,0.011721015095748829,11.721015095748829
4080,4.0800000000000001,3.4509985304293286e-23,1.9200443267577021e-11,19.200443267577022,12,9,0.07805058238852447,0.15626009278417194,8.953043822855701,0.019984751959743658,19.984751959743658,0.020231245137652034,20.231245137652035,22,15,0.045071463069429621,0.090173474014993218,5.1665594850917094,0.011659108842864989,11.65910884286499,0.011706671569335012,11.706671569335011
4090,4.0899999999999999,3.4552251070658898e-23,1.9176956478030257e-11,19.176956478030256,12,9,0.077955107634269327,0.15606855970040551,8.9420697855187594,0.01996105727191504,19.961057271915038,0.020206648833596019,20.20664883359602,22,15,0.045016329760634403,0.090063095364006557,5.1602352542418268,0.011644992056873261,11.644992056873262,0.011692380572507401,11.692380572507401
4100,4.0999999999999996,3.4594465198889244e-23,1.9153555668242414e-11,19.153555668242415,12,9,0.077859982391229321,0.15587772920178325,8.9311360033453262,0.01993744658838513,19.937446588385129,0.020182142016943589,20.18214201694359,22,15,0.044961398282259188,0.089953121056988036,5.1539341905947893,0.011630926419727038,11.630926419727038,0.011678141785421091,11.67814178542109
4110,4.1100000000000003,3.4636627877789562e-23,1.913024031490349e-11,19.130240314903489,12,9,0.077765204532127999,0.15568759700337603,8.9202422308270499,0.019913919414435075,19.913919414435075,0.020157724146406417,20.157724146406416,22,15,0.044906667405876732,0.089843548631265799,5.1476561530498941,0.011616911623324054,11.616911623324054,0.011663954890951015,11.663954890951015
4120,4.1200000000000001,3.467873929501733e-23,1.910700989915178e-11,19.10700989915178,12,9,0.077670771947771458,0.15549815885675194,8.9093882245467082,0.019890475259411195,19.890475259411197,0.020133394685268657,20.133394685268655,22,15,0.044852135913501824,0.089734375645115577,5.1414010017066465,0.011602947362153808,11.602947362153808,0.011649819574662292,11.649819574662292
4130,4.1299999999999999,3.4720799637092021e-23,1.908386390652538e-11,19.08386390652538,12,9,0.077576682546851128,0.15530941054957753,8.8985737431553762,0.019867113636682181,19.867113636682181,0.020109153101337401,20.109153101337402,22,15,0.044797802597477412,0.089625599677532156,5.1351685978516644,0.011589033333269584,11.589033333269585,0.011635735524780956,11.635735524780957
4140,4.1399999999999997,3.4762809089404721e-23,1.9060801826914341e-11,19.060801826914343,12,9,0.077482934255749342,0.15512134790522444,8.887798547349874,0.019843834063596869,19.843834063596869,0.020084998866893803,20.084998866893802,22,15,0.044743666260362303,0.089517218328003828,5.1289588039457588,0.011575169236260882,11.575169236260882,0.01162170243216506,11.62170243216506
4150,4.1500000000000004,3.4804767836227695e-23,1.9037823154513432e-11,19.037823154513433,12,9,0.077389525018347269,0.15493396678238122,8.8770623998505354,0.019820636061442486,19.820636061442485,0.020060931458644824,20.060931458644824,22,15,0.044689725714820258,0.089409229216289896,5.1227714836111842,0.011561354773226158,11.561354773226158,0.011607719990276188,11.607719990276188
4160,4.1600000000000001,3.484667606072378e-23,1.9014927387775571e-11,19.014927387775572,12,9,0.077296452795835649,0.15474726307467038,8.8663650653792594,0.019797519155403513,19.797519155403513,0.020036950357675644,20.036950357675643,22,15,0.044635979783510728,0.089301629982201258,5.1166065016190654,0.011547589648745979,11.54758964874598,0.011593787895151347,11.593787895151346
4170,4.1699999999999999,3.4888533944955758e-23,1.8992114029365822e-11,18.992114029365823,12,9,0.07720371556652772,0.15456123271027011,8.855706310637844,0.019774482874520993,19.774482874520992,0.020013055049402644,20.013055049402645,22,15,0.044582427298980799,0.08919441828538352,5.1104637238769728,0.011533873569856475,11.533873569856475,0.011579905845375165,11.579905845375166
4180,4.1799999999999997,3.4930341669895533e-23,1.8969382586116044e-11,18.969382586116044,12,9,0.077111311325674961,0.15437587165154179,8.8450859042866341,0.019751526751652419,19.75152675165242,0.019989245023527086,19.989245023527086,22,15,0.044529067103558785,0.08908759180510338,5.1043430174166833,0.011520206246023179,11.520206246023179,0.011566073542052569,11.566073542052569
4190,4.1900000000000004,3.4972099415433301e-23,1.8946732568980098e-11,18.946732568980099,12,9,0.077019238085284936,0.15419117589466153,8.8345036169234206,0.019728650323432108,19.72865032343211,0.019965519773989335,19.965519773989335,22,15,0.044475898049249049,0.088981148240037555,5.0982442503820851,0.011506587389115175,11.506587389115175,0.011552290688781698,11.552290688781698
4200,4.2000000000000002,3.5013807360386562e-23,1.8924163492989658e-11,18.924163492989656,12,9,0.076927493873941682,0.15400714146925698,8.8239592210626245,0.019705853130232025,19.705853130232025,0.01994187879892366,19.941878798923661,22,15,0.044422918997628298,0.088875085308064539,5.0921672920172476,0.011493016713379604,11.493016713379603,0.011538556991627263,11.538556991627264
4210,4.21,3.5055465682509065e-23,1.89016748772106e-11,18.901674877210599,13,9,0.076836076736628442,0.15382376443804899,8.8134524911147683,0.019683134716123214,19.683134716123213,0.019918321600613687,19.918321600613687,22,15,0.044370128819743192,0.088769400746059171,5.0861120126546515,0.011479493935416489,11.479493935416489,0.011524872159094205,11.524872159094205
4220,4.2199999999999998,3.5097074558499614e-23,1.8879266244699974e-11,18.879266244699973,13,9,0.076744984734552726,0.15364104089649777,8.8029832033661997,0.019660494628837604,19.660494628837604,0.019894847685448414,19.894847685448415,22,15,0.044317526396009325,0.088664092309689746,5.0800782837035614,0.011466018774153885,11.466018774153884,0.011511235902101709,11.51123590210171
4230,4.2300000000000004,3.5138634164010856e-23,1.8856937122463485e-11,18.856937122463485,13,9,0.0766542159449735,0.15345896697245356,8.7925511359590818,0.019637932419730365,19.637932419730365,0.019871456563878721,19.87145656387872,22,15,0.044265110616111464,0.088559157773217864,5.0740659776385613,0.011452590950823354,11.452590950823355,0.011497647933957564,11.497647933957564
4240,4.2400000000000002,3.518014467365791e-23,1.8834687041413591e-11,18.834687041413591,13,9,0.076563768461030857,0.15327753882581224,8.7821560688716538,0.019615447643742696,19.615447643742694,0.019848147750374554,19.848147750374554,22,15,0.044212880378905139,0.088454594929300856,5.0680749679882311,0.011439210188935749,11.43921018893575,0.011484107970332844,11.484107970332843
4250,4.25,3.5221606261026926e-23,1.8812515536328094e-11,18.812515536328096,13,9,0.076473640391577613,0.15309675264817477,8.7717977838987231,0.019593039859365079,19.593039859365078,0.019824920763382558,19.824920763382558,22,16,0.044160834592319467,0.088350401588796729,5.0621051293239754,0.011425876214257311,11.425876214257311,0.01147061572923691,11.470615729236911
4260,4.2599999999999998,3.5263019098683554e-23,1.8790422145809306e-11,18.790422145809305,13,9,0.076383829861013428,0.15291660466251192,8.7614760646324594,0.019570708628601063,19.570708628601064,0.019801775125284356,19.801775125284358,22,16,0.044108972173261277,0.088246575580571737,5.0561563372489928,0.011412588754786079,11.412588754786078,0.01145717093099277,11.457170930992771
4270,4.2699999999999996,3.5304383358181339e-23,1.8768406412243689e-11,18.768406412243689,13,9,0.076294335009120681,0.1527370911228324,8.7511906964433681,0.019548453516931377,19.548453516931378,0.019778710362355241,19.778710362355241,22,16,0.044057292047520395,0.088143114751310286,5.0502284683873881,0.011399347540728582,11.399347540728582,0.011443773298212695,11.443773298212696
4280,4.2800000000000002,3.5345699210069981e-23,1.8746467881762073e-11,18.746467881762072,13,9,0.076205153990902733,0.15255820831385589,8.7409414664615692,0.019526274093278579,19.52627409327858,0.019755726004723504,19.755726004723503,22,16,0.044005793149676224,0.088040016965327358,5.0443214003734234,0.011386152304476845,11.386152304476845,0.011430422555774204,11.430422555774204
4290,4.29,3.5386966823903567e-23,1.872460610420035e-11,18.724606104200351,13,9,0.07611628497642417,0.15237995255069009,8.7307281635582861,0.019504169929972139,19.504169929972139,0.019732821586330232,19.732821586330232,22,16,0.043954474423005513,0.087937280104383481,5.0384350118409165,0.011373002780585697,11.373002780585697,0.011417118430796345,11.417118430796345
4300,4.2999999999999998,3.5428186368248687e-23,1.8702820633060661e-11,18.702820633060661,13,9,0.076027726150653091,0.15220232017851187,8.7205505783275772,0.019482140602713895,19.482140602713894,0.019709996644889611,19.70999664488961,22,16,0.043903334819391224,0.087834902067501747,5.0325691824127583,0.011359898705750313,11.359898705750313,0.011403860652616242,11.403860652616242
4310,4.3099999999999996,3.5469358010692438e-23,1.8681111025473126e-11,18.681111025473125,13,9,0.075939475713305379,0.15202530757225252,8.7104085030683045,0.019460185690544002,19.460185690544002,0.01968725072184976,19.687250721849761,22,16,0.043852373299232687,0.087732880770787516,5.0267237926905812,0.011346839818784125,11.346839818784124,0.011390648952765991,11.390648952765991
4320,4.3200000000000003,3.5510481917850428e-23,1.8659476842157985e-11,18.659476842157986,13,9,0.075851531878690995,0.1518489111362869,8.7003017317663254,0.019438304775807241,19.438304775807243,0.019664583362354014,19.664583362354016,22,16,0.043801588831356771,0.087631214147250086,5.0208987242445415,0.011333825860596915,11.333825860596916,0.011377483064949807,11.377483064949807
4330,4.3300000000000001,3.5551558255374575e-23,1.8637917647388327e-11,18.637917647388328,13,9,0.075763892875562303,0.15167312730412702,8.690230060076928,0.019416497444119812,19.416497444119813,0.019641994115202774,19.641994115202774,22,16,0.043750980392930343,0.087529900146627065,5.0150938596032564,0.011320856574173289,11.320856574173289,0.011364362725021513,11.364362725021513
4340,4.3399999999999999,3.5592587187960958e-23,1.8616433008953169e-11,18.61643300895317,13,9,0.075676556946964096,0.15149795253811879,8.6801932853074639,0.019394763284336456,19.394763284336456,0.019619482532815768,19.619482532815766,22,16,0.04370054696937363,0.087428936735210391,5.0093090822438384,0.01130793170455131,11.30793170455131,0.011351287670962234,11.351287670962234
4350,4.3499999999999996,3.5633568879357462e-23,1.8595022498121103e-11,18.595022498121104,13,9,0.075589522350085772,0.15132338332914319,8.6701912064002258,0.01937310188851803,19.373101888518029,0.019597048171194793,19.597048171194793,22,16,0.043650287554274886,0.087328321895675146,5.0035442765820823,0.011295050998801492,11.295050998801493,0.01133825764285847,11.338257642858471
4360,4.3600000000000003,3.5674503492371449e-23,1.8573685689604351e-11,18.57368568960435,13,9,0.075502787356115236,0.15114941619632111,8.6602236239155275,0.019351512851899493,19.351512851899493,0.019574690589886989,19.574690589886988,22,16,0.043600201149305989,0.087228053626910079,4.9977993279627606,0.011282214206005999,11.282214206006,0.011325272382880362,11.325272382880362
4370,4.3700000000000001,3.5715391188877276e-23,1.8552422161523276e-11,18.552422161523275,13,9,0.075416350250094605,0.15097604768672152,8.6502903400149975,0.01932999577285819,19.32999577285819,0.019552409351948467,19.552409351948466,22,16,0.043550286764139141,0.08712812994385051,4.9920741226500445,0.011269421077238127,11.269421077238126,0.011312331635260272,11.312331635260271
4380,4.3799999999999999,3.575623212982379e-23,1.8531231495371359e-11,18.531231495371358,13,9,0.075330209330777873,0.15080327437507388,8.640391158445091,0.019308550252882643,19.308550252882643,0.019530204023908489,19.530204023908489,22,16,0.043500543416364688,0.087028548877313303,4.9863685478180511,0.011256671365542046,11.256671365542045,0.01129943514627163,11.29943514627163
4390,4.3899999999999997,3.5797026475241669e-23,1.8510113275980604e-11,18.510113275980604,13,9,0.075244362910490248,0.15063109286348386,8.6305258845208002,0.01928717589654164,19.28717589654164,0.019508074175734063,19.508074175734063,23,16,0.043450970131409868,0.086929308473833858,4.9806824915415033,0.011243964825912774,11.243964825912775,0.01128658266420805,11.28658266420805
4400,4.4000000000000004,3.5837774384250805e-23,1.8489067091487352e-11,18.489067091487353,13,9,0.075158809314989222,0.15045949978115256,8.6206943251095751,0.019265872311453713,19.265872311453712,0.019486019380794924,19.486019380794925,23,16,0.043401565942458573,0.08683040679550505,4.9750158427865019,0.011231301215276409,11.231301215276408,0.01127377393936266,11.273773939362659
4410,4.4100000000000001,3.5878476015067497e-23,1.8468092533298572e-11,18.46809253329857,13,9,0.075073546883327513,0.15028849178409942,8.6108962886154448,0.019244639108256998,19.244639108256997,0.019464039215829045,19.464039215829043,23,16,0.043352329890372229,0.086731841919818461,4.9693684914014291,0.011218680292470605,11.218680292470605,0.01126100872400777,11.26100872400777
4420,4.4199999999999999,3.591913152501162e-23,1.8447189196058537e-11,18.447189196058538,13,9,0.074988573967717617,0.1501180655548886,8.6011315849633352,0.019223475900579465,19.223475900579466,0.01944213326090851,19.442133260908509,23,16,0.043303261023611588,0.086633611939507388,4.9637403281079511,0.011206101818225317,11.206101818225317,0.011248286772374726,11.248286772374726
4430,4.4299999999999997,3.5959741070513755e-23,1.8426356677615903e-11,18.426356677615903,13,9,0.074903888933397972,0.14994821780235842,8.5914000255835745,0.019202382305009463,19.202382305009461,0.019420301099405797,19.420301099405798,23,16,0.043254358398159394,0.086535714962391638,4.9581312444921304,0.011193565555143696,11.193565555143696,0.011235607840634031,11.235607840634032
4440,4.4400000000000004,3.6000304807122173e-23,1.8405594578991235e-11,18.405594578991234,13,9,0.074819490158500951,0.14977894526135466,8.581701423396602,0.019181357941066669,19.181357941066668,0.019398542317960545,19.398542317960544,23,16,0.04320562107744421,0.086438149111224702,4.9525411329956635,0.011181071267683336,11.181071267683336,0.011222971686875732,11.222971686875731
4450,4.4500000000000002,3.6040822889509808e-23,1.8384902504344903e-11,18.384902504344904,13,9,0.074735376033922357,0.14961024469246673,8.5720355927978691,0.019160402431173347,19.160402431173345,0.019376856506446653,19.376856506446654,23,16,0.043157048132265029,0.08634091252354241,4.9469698869072145,0.011168618722137666,11.168618722137666,0.011210378071090028,11.210378071090028
4460,4.46,3.608129547148112e-23,1.8364280060945392e-11,18.364280060945394,13,9,0.074651544963192637,0.14944211288176762,8.5624023496429178,0.019139515400625993,19.139515400625992,0.019355243257939862,19.355243257939861,23,16,0.04310863864071688,0.086244003351513679,4.9414174003538607,0.011156207686617594,11.156207686617593,0.011197826755148126,11.197826755148126
4470,4.4699999999999998,3.6121722705978935e-23,1.834372685913798e-11,18.343726859137981,13,9,0.074567995362349496,0.1492745466405562,8.5528015112326319,0.019118696477567261,19.118696477567262,0.019333702168685633,19.333702168685633,23,16,0.043060391688117323,0.086147419761792923,4.9358835682926383,0.011143837931033383,11.143837931033383,0.011185317502783324,11.185317502783324
4480,4.4800000000000004,3.616210474509116e-23,1.8323242512313829e-11,18.323242512313829,13,9,0.074484725659812304,0.14910754280510374,8.5432328962987079,0.019097945292958263,19.097945292958265,0.019312232838067513,19.312232838067512,23,16,0.043012306366933872,0.086051159935374488,4.9303682865022003,0.011131509227076735,11.131509227076736,0.011172850079572333,11.172850079572333
4490,4.4900000000000002,3.6202441740057458e-23,1.8302826636879448e-11,18.302826636879448,13,9,0.074401734296257904,0.14894109823640272,8.5336963249892648,0.019077261480551194,19.077261480551194,0.019290834868575843,19.290834868575843,23,16,0.042964381776712315,0.085955222067448739,4.9248714515745711,0.011119221348203112,11.119221348203112,0.011160424252916837,11.160424252916837
4500,4.5,3.624273384127589e-23,1.8282478852226494e-11,18.282478852226493,13,9,0.074319019724497934,0.14877520981991912,8.5241916188546458,0.019056644676862272,19.056644676862273,0.019269507865776841,19.269507865776841,23,16,0.04291661702400585,0.085859604367259881,4.9193929609070022,0.011106974069614238,11.106974069614239,0.011148039792025251,11.148039792025251
4510,4.5099999999999998,3.6282981198309421e-23,1.8262198780702002e-11,18.262198780702001,13,9,0.074236580409357725,0.1486098744653476,8.5147186008333993,0.019036094521144981,19.036094521144982,0.019248251438282068,19.248251438282068,23,16,0.042869011222305166,0.085764305057965645,4.9139327126939305,0.011094767168240847,11.094767168240846,0.011135696467894729,11.135696467894729
4520,4.5199999999999996,3.6323183959892405e-23,1.8241986047578927e-11,18.241986047578926,13,9,0.074154414827556608,0.14844508910636972,8.5052770952384176,0.019015610655363682,19.015610655363684,0.019227065197718277,19.227065197718279,23,16,0.042821563491969312,0.085669322376498547,4.9084906059190301,0.011082600422725616,11.082600422725616,0.011123394053293371,11.123394053293371
4530,4.5300000000000002,3.636334227393702e-23,1.8221840281027067e-11,18.221840281027067,13,9,0.074072521467589691,0.14828085070041511,8.495866927743263,0.018995192724167463,18.995192724167463,0.019205948758697609,19.205948758697609,23,16,0.042774272960157428,0.085574654573428874,4.9030665403473623,0.011070473613406311,11.07047361340631,0.011111132322742655,11.111132322742655
4540,4.54,3.6403456287539587e-23,1.8201761112084334e-11,18.201761112084334,13,9,0.073990898829611101,0.1481171562284255,8.4864879253686354,0.018974840374864365,18.974840374864364,0.019184901738788149,19.184901738788149,23,16,0.042727138760761348,0.085480299912829447,4.8976604165176258,0.011058386522299145,11.058386522299145,0.011098911052500092,11.098911052500092
4550,4.5499999999999998,3.6443526146986867e-23,1.8181748174628377e-11,18.181748174628378,13,9,0.073909545425318593,0.14795400269462164,8.4771399164690298,0.018954553257395867,18.954553257395869,0.019163923758484847,19.163923758484849,23,16,0.042680160034338908,0.085386256672141836,4.8922721357344932,0.01104633893308231,11.046338933082311,0.011086730020542062,11.086730020542062
4560,4.5599999999999996,3.6483551997762299e-23,1.8161801105348532e-11,18.16180110534853,13,9,0.073828459777839556,0.14779138712627296,8.4678227307195293,0.018934331024311669,18.934331024311671,0.019143014441180783,19.143014441180782,23,16,0.042633335928048195,0.08529252314204433,4.8869016000610435,0.011034330631079744,11.034330631079744,0.011074589006546886,11.074589006546885
4570,4.5700000000000003,3.6523533984552149e-23,1.8141919543718132e-11,18.141919543718132,13,9,0.07374764042161841,0.14762930657347018,8.4585361991027828,0.018914173330744802,18.914173330744802,0.019122173413138769,19.122173413138768,23,16,0.042586665595582468,0.085199097626321385,4.881548712311286,0.011022361403245041,11.022361403245041,0.011062487791878071,11.062487791878072
4580,4.5800000000000001,3.6563472251251603e-23,1.8122103131967132e-11,18.122103131967133,13,9,0.073667085902305404,0.14746775810890042,8.4492801538961171,0.018894079834386981,18.894079834386982,0.019101400303463301,19.101400303463301,23,16,0.042540148197105943,0.085105978441734786,4.8762133760427737,0.011010431038145606,11.010431038145606,0.0110504261595678,11.050426159567801
4590,4.5899999999999999,3.6603366940970827e-23,1.8102351515055073e-11,18.102351515055073,13,9,0.073586794776646633,0.14730673882762535,8.4400544286588257,0.018874050195464304,18.874050195464303,0.019080694744072844,19.080694744072844,23,16,0.042493782899190306,0.085013163917896192,4.8708954955493056,0.010998539325946959,10.998539325946959,0.011038403894300575,11.038403894300576
4600,4.5999999999999996,3.6643218196040946e-23,1.8082664340644354e-11,18.082664340644353,13,9,0.073506765612375416,0.14714624584686148,8.4308588582195814,0.01885408407671315,18.85408407671315,0.019060056369672423,19.060056369672424,23,16,0.042447568874751998,0.084920652397141347,4.8655949758537167,0.010986686058397243,10.986686058397243,0.011026420782397075,11.026420782397075
4610,4.6100000000000003,3.6683026158019955e-23,1.8063041259073858e-11,18.063041259073856,13,9,0.073426996988105106,0.14698627630576372,8.4216932786640353,0.018834181143356457,18.834181143356457,0.01903948481772659,19.039484817726589,23,16,0.042401505302990271,0.084828442234405763,4.8603117227007528,0.010974871028811922,10.974871028811922,0.01101447661179822,11.014476611798219
4620,4.6200000000000001,3.6722790967698606e-23,1.8043481923332833e-11,18.043481923332834,13,9,0.073347487493222896,0.14682682736521094,8.4125575273225284,0.018814341063080182,18.814341063080182,0.019018979728432667,19.018979728432665,23,16,0.042355591369325894,0.08473653179710168,4.855045642550027,0.010963094032058621,10.963094032058621,0.011002571172049381,11.002571172049381
4630,4.6299999999999999,3.6762512765106206e-23,1.8023985989035146e-11,18.023985989035147,13,9,0.073268235727785139,0.14666789620759438,8.4034514427579712,0.018794563506010081,18.794563506010082,0.018998540744694283,18.998540744694282,23,16,0.042309826265340716,0.084644919464996846,4.8497966425690695,0.010951354864542198,10.951354864542198,0.01099070425428483,10.990704254284831
4640,4.6399999999999997,3.6802191689516353e-23,1.8004553114393819e-11,18.004553114393818,13,9,0.073189240302413888,0.1465094800366088,8.3943748647538747,0.018774848144688768,18.774848144688768,0.018978167512095353,18.978167512095354,23,16,0.042264209188717879,0.084553603630094537,4.8445646306264534,0.010939653324189962,10.939653324189962,0.010978875651212349,10.978875651212348
4650,4.6500000000000004,3.6841827879452683e-23,1.7985182960195829e-11,17.985182960195829,13,9,0.073110499838194412,0.14635157607704535,8.3853276343024845,0.018755194654052974,18.755194654052975,0.018957859678874162,18.957859678874161,23,16,0.042218739343182696,0.084462582696514923,4.8393495152850017,0.010927989210437056,10.927989210437056,0.01096708515709801,10.96708515709801
4660,4.6600000000000001,3.6881421472694446e-23,1.7965875189777276e-11,17.965875189777275,13,9,0.073032012966574286,0.14619418157458783,8.3763095935931062,0.018735602711411139,18.73560271141114,0.018937616895897926,18.937616895897925,23,16,0.042173415938444307,0.084371855080377964,4.8341512057950702,0.010916362324212031,10.916362324212031,0.010955332567751152,10.955332567751151
4670,4.6699999999999999,3.6920972606282155e-23,1.7946629468998779e-11,17.946629468998779,13,9,0.072953778329263322,0.14603729379561053,8.3673205860005258,0.018716071996421214,18.716071996421213,0.018917438816637568,18.917438816637567,23,16,0.042128238190137973,0.084281419209687652,4.8289696120879251,0.010904772467922581,10.90477246792258,0.010943617680509521,10.94361768050952
4680,4.6799999999999997,3.6960481416523068e-23,1.7927445466221215e-11,17.927445466221215,13,9,0.07287579457813502,0.14588091002697917,8.3583604560735996,0.01869660219106874,18.696602191068742,0.0188973250971428,18.897325097142801,23,16,0.042083205319768106,0.084191273524217722,4.8238046447691838,0.01089321944544145,10.893219445441451,0.01093194029422462,10.931940294224619
4690,4.6900000000000004,3.6999948038996722e-23,1.7908322852281686e-11,17.908322852281685,13,9,0.072798060375128801,0.14572502757585351,8.3494290495239447,0.018677192979645152,18.677192979645152,0.01887727539601752,18.87727539601752,23,16,0.042038316554651844,0.08410141647539833,4.8186562151123322,0.010881703062092471,10.881703062092472,0.010920300209247157,10.920300209247157
4700,4.7000000000000002,3.7039372608560307e-23,1.7889261300469825e-11,17.889261300469826,13,9,0.07272057439215375,0.1455696437694928,8.3405262132147975,0.018657844048726349,18.65784404872635,0.018857289374395451,18.857289374395453,23,16,0.041993571127863435,0.084011846526204609,4.8135242350523306,0.010870223124636825,10.870223124636825,0.010908697227412757,10.908697227412757
4710,4.71,3.707875525935408e-23,1.7870260486504336e-11,17.870260486504336,13,9,0.072643335310993221,0.14541475595506331,8.3316517951499822,0.018638555087151527,18.638555087151527,0.018837366695916131,18.837366695916131,23,16,0.041948968278179191,0.083922562151046098,4.8084086171792846,0.010858779441259408,10.858779441259408,0.010897131152027758,10.897131152027757
4720,4.7199999999999998,3.7118096124806672e-23,1.7851320088509823e-11,17.851320088509823,13,9,0.072566341823210659,0.14526036149944796,8.3228056444630027,0.018619325786002183,18.619325786002182,0.018817507026701097,18.817507026701097,23,16,0.041904507250023058,0.083833561835657558,4.8033092747321886,0.010847371821555369,10.847371821555368,0.010885601787855215,10.885601787855215
4730,4.7300000000000004,3.7157395337640368e-23,1.7832439786993907e-11,17.832439786993909,13,9,0.072489592630056526,0.14510645778905834,8.3139876114062741,0.018600155838581413,18.600155838581411,0.018797710035330407,18.797710035330407,23,16,0.041860187293412926,0.083744844076991287,4.7982261215927506,0.010836000076516829,10.836000076516829,0.010874108941101079,10.874108941101079
4740,4.7400000000000002,3.7196653029876334e-23,1.7813619264824561e-11,17.81361926482456,13,9,0.072413086442376262,0.14495304222964905,8.3051975473404838,0.018581044940393459,18.581044940393458,0.018777975392819425,18.777975392819425,23,16,0.041816007663907417,0.083656407383110309,4.7931590722792805,0.010824664018519713,10.824664018519712,0.01086265241940048,10.862652419400479
4750,4.75,3.7235869332839786e-23,1.7794858207207765e-11,17.794858207207763,13,9,0.072336821980519356,0.14480011224613382,8.2964353047240547,0.018561992789123408,18.561992789123408,0.018758302772595832,18.758302772595833,23,16,0.041771967622553433,0.083568250273083136,4.788108041940653,0.010813363461310758,10.813363461310757,0.010851232031804239,10.851232031804239
4760,4.7599999999999998,3.727504437716511e-23,1.7776156301665373e-11,17.776156301665374,13,9,0.072260797974249474,0.14464766528240411,8.2877007371027585,0.018542999084617203,18.542999084617204,0.018738691850476975,18.738691850476975,23,16,0.041728066435834203,0.083480371276879531,4.7830729463503401,0.010802098219994666,10.802098219994667,0.010839847588765475,10.839847588765476
4770,4.7699999999999996,3.7314178292800962e-23,1.7757513238013257e-11,17.757513238013257,13,9,0.072185013162655506,0.14449569880114957,8.27899369909942,0.018524063528861819,18.52406352886182,0.018719142304647388,18.719142304647388,23,16,0.041684303375617973,0.083392768935267578,4.7780537019005118,0.010790868111021396,10.790868111021396,0.010828498902126407,10.828498902126407
4780,4.7800000000000002,3.7353271209015268e-23,1.7738928708339706e-11,17.738928708339706,13,9,0.07210946629406384,0.14434421028368075,8.2703140464037617,0.018505185825965699,18.5051858259657,0.018699653815636645,18.699653815636644,24,16,0.041640677719107289,0.083305441799711888,4.7730502255962044,0.01077967295217361,10.779672952173609,0.010817185785105279,10.817185785105279
4790,4.79,3.7392323254400216e-23,1.7720402406984071e-11,17.720402406984071,13,9,0.072034156125951501,0.14419319722975379,8.2616616357623656,0.018486365682139388,18.486365682139386,0.018680226066297437,18.680226066297436,24,16,0.041597188748788899,0.083218388432273124,4.7680624350495613,0.010768512562554275,10.768512562554275,0.010805908052283479,10.805908052283479
4800,4.7999999999999998,3.7431334556877197e-23,1.7701934030515626e-11,17.701934030515627,13,9,0.071959081424860266,0.14404265715739692,8.2530363249687237,0.018467602805676362,18.467602805676361,0.018660858741783866,18.660858741783866,24,17,0.041553835752384097,0.083131607405508318,4.7630902484741258,0.010757386762574348,10.757386762574349,0.010794665519592727,10.794665519592726
4810,4.8099999999999996,3.7470305243701699e-23,1.7683523277712719e-11,17.68352327771272,13,9,0.071884240966311852,0.14389258760273926,8.2444379728534312,0.018448896906934114,18.448896906934113,0.018641551529530048,18.641551529530048,24,17,0.04151061802279981,0.083045097302372778,4.7581335846792179,0.010746295373940687,10.746295373940686,0.010783458004302504,10.783458004302505
4820,4.8200000000000003,3.7509235441468138e-23,1.766516984954213e-11,17.665169849542131,13,9,0.071809633534724096,0.1437429861198416,8.2358664392744974,0.018430247698315454,18.430247698315455,0.018622304119228928,18.622304119228929,24,17,0.041467534858080114,0.082958856716122811,4.7531923630643611,0.010735238219644028,10.735238219644028,0.010772285325007546,10.772285325007546
4830,4.8300000000000001,3.7548125276114647e-23,1.7646873449138664e-11,17.646873449138663,13,9,0.071735257923327897,0.14359385028052857,8.2273215851077186,0.018411654894249934,18.411654894249935,0.018603116202811319,18.603116202811318,24,17,0.041424585561358362,0.082872884250219658,4.7482665036137783,0.010724215123947129,10.724215123947129,0.010761147301615539,10.761147301615539
4840,4.8399999999999999,3.7586974872927853e-23,1.7628633781785003e-11,17.628633781785002,13,9,0.071661112934085364,0.14344517767422355,8.2188032722372313,0.018393118211175591,18.39311821117559,0.018583987474425228,18.583987474425228,24,17,0.04138176944080986,0.082787178518234528,4.7433559268909509,0.01071322591237305,10.71322591237305,0.010750043755334896,10.750043755334897
4850,4.8499999999999996,3.7625784356547568e-23,1.7610450554891737e-11,17.610450554891738,13,9,0.071587197377608686,0.14329696590778471,8.2103113635461078,0.018374637367520801,18.374637367520801,0.018564917630415338,18.564917630415337,24,17,0.041339085809605013,0.082701738143754616,4.7384605540332343,0.010702270411693542,10.702270411693542,0.010738974508662725,10.738974508662725
4860,4.8600000000000003,3.7664553850971471e-23,1.7592323477977678e-11,17.592323477977679,13,9,0.071513510073079975,0.14314921260534316,8.2018457229070858,0.01835621208368635,18.356212083686351,0.018545906369302773,18.545906369302774,24,17,0.041296533985863089,0.082616561760290391,4.7335803067465463,0.010691348449917594,10.691348449917594,0.010727939385372904,10.727939385372904
4870,4.8700000000000001,3.7703283479559708e-23,1.7574252262650355e-11,17.574252262650354,13,9,0.071440049848172163,0.14300191540814342,8.1934062151734341,0.018337842082027791,18.337842082027791,0.018526953391765143,18.526953391765144,24,17,0.041254113292606462,0.082531648011183678,4.7287151073000988,0.01068045985628009,10.680459856280089,0.010716938210504304,10.716938210504305
4880,4.8799999999999999,3.7741973365039489e-23,1.7556236622586752e-11,17.556236622586752,14,9,0.071366815538970535,0.14285507197438482,8.184992706169858,0.018319527086837841,18.319527086837841,0.018508058400616676,18.508058400616676,24,17,0.041211823057715376,0.082446995549516983,4.723864878521205,0.010669604461230602,10.669604461230602,0.01070597081034912,10.70597081034912
4890,4.8899999999999997,3.7780623629509613e-23,1.7538276273514241e-11,17.538276273514242,14,9,0.071293805989895279,0.14270867997906517,8.176605062683544,0.018301266824329074,18.301266824329073,0.018489221100788669,18.489221100788669,24,17,0.04116966261388319,0.08236260303802373,4.719029543790132,0.010658782096422301,10.658782096422302,0.010695037012441377,10.695037012441377
4900,4.9000000000000004,3.7819234394444984e-23,1.7520370933191762e-11,17.52037093319176,14,9,0.071221020053625045,0.14256273711382653,8.1682431524553234,0.018283061022616828,18.283061022616828,0.018470441199310194,18.470441199310194,24,17,0.041127631298572206,0.082278469148999542,4.7142090270350243,0.010647992594700994,10.647992594700993,0.010684136645545522,10.684136645545522
4910,4.9100000000000001,3.7857805780701033e-23,1.750252032139117e-11,17.50252032139117,14,9,0.071148456591021009,0.14241724108680182,8.1599068441708855,0.018264909411702168,18.264909411702167,0.018451718405288871,18.451718405288872,24,17,0.041085728453969877,0.08219459256421445,4.709403252726867,0.010637235790094283,10.637235790094284,0.010673269539645154,10.673269539645155
4920,4.9199999999999999,3.7896337908518159e-23,1.7484724159878846e-11,17.484724159878844,14,9,0.071076114471052207,0.14227218962246402,8.1515960074521381,0.01824681172345519,18.246811723455188,0.018433052429892027,18.433052429892026,24,17,0.041043953426945647,0.082110971974826308,4.7046121458745302,0.010626511517800859,10.626511517800859,0.010662435525931917,10.662435525931917
4930,4.9299999999999997,3.7934830897526101e-23,1.746698217239744e-11,17.46698217239744,14,9,0.071003992570721292,0.14212758046147647,8.1433105128486236,0.018228767691598369,18.228767691598367,0.018414442986327922,18.41444298632792,24,17,0.041002305569008073,0.082027606081294752,4.6998356320198349,0.010615819614179869,10.615819614179868,0.010651634436794444,10.651634436794444
4940,4.9400000000000004,3.7973284866748245e-23,1.7449294084647907e-11,17.449294084647907,14,9,0.070932089774991491,0.14198341136054529,8.1350502318290712,0.018210777051690202,18.210777051690201,0.018395889789827303,18.395889789827304,24,17,0.04096078423626269,0.081944493593296655,4.6950736372327118,0.010605159916740468,10.605159916740467,0.010640866105807509,10.640866105807509
4950,4.9500000000000002,3.8011699934605937e-23,1.743165962427166e-11,17.43165962427166,14,9,0.070860404976714059,0.14183968009227294,8.126815036773003,0.018192839541108941,18.192839541108942,0.018377392557625046,18.377392557625047,24,17,0.040919388789370091,0.081861633229642072,4.6903260881063851,0.010594532264131427,10.594532264131427,0.010630130367721228,10.630130367721229
4960,4.96,3.8050076218922762e-23,1.7414078520832964e-11,17.414078520832962,14,9,0.070788937076556757,0.1416963844450139,8.1186048009624638,0.018174954899036543,18.174954899036543,0.018358951008942106,18.358951008942107,24,17,0.040878118593504605,0.081779023718191277,4.6855929117526172,0.010583936496130875,10.583936496130875,0.01061942705845041,10.619427058450411
4970,4.9699999999999998,3.8088413836928696e-23,1.7396550505801533e-11,17.396550505801532,14,9,0.070717684982933057,0.14155352222273168,8.1104193985738338,0.018157122866442811,18.157122866442812,0.018340564864967601,18.3405648649676,24,17,0.040836973018313454,0.081696663795772895,4.6808740357970189,0.010573372453636182,10.573372453636182,0.010608756015064044,10.608756015064044
4980,4.9800000000000004,3.8126712905264358e-23,1.7379075312535278e-11,17.379075312535278,14,10,0.070646647611932012,0.14141109124485735,8.1022587046697119,0.018139343186069617,18.139343186069617,0.018322233848841084,18.322233848841083,24,17,0.040795951437876239,0.081614552208102556,4.6761693883743902,0.01056283997865389,10.562839978653889,0.010598117075774858,10.598117075774857
4990,4.9900000000000002,3.816497353998509e-23,1.7361652676263296e-11,17.361652676263297,14,10,0.070575823887249159,0.14126908934614998,8.094122595190937,0.018121615602415438,18.121615602415439,0.01830395768563509,18.303957685635091,24,17,0.040755053230665014,0.081532687709702872,4.6714788981241329,0.010552338914289833,10.552338914289832,0.010587510079929032,10.587510079929032
5000,5,3.820319585656509e-23,1.7344282334069002e-11,17.344282334069003,14,10,0.070505212740117881,0.14112751437655816,8.0860109469486314,0.018103939861719907,18.103939861719908,0.018285736102337764,18.285736102337765,24,17,0.040714277779504697,0.081451069063823933,4.6668024941856965,0.010541869104739282,10.541869104739282,0.010576934867996003,10.576934867996004
